"","Player","Position","Played Between","From","To","Games","Goals"
"1","Adam, Charles","","2006/20072014/2015","2006/2007","2014/2015",26,0
"2","Adams, James","","1888/18891892/1893","1888/1889","1892/1893",3,0
"3","Agnew, William Barbour","","1906/19071907/1908","1906/1907","1907/1908",3,0
"4","Aird, John","","1953/1954","1953/1954","",4,0
"5","Aitken, Andrew","","1900/19011910/1911","1900/1901","1910/1911",14,0
"6","Aitken, George Gilbert Mille","","1948/19491953/1954","1948/1949","1953/1954",8,0
"7","Aitken, Ralph Allan","","1885/18861887/1888","1885/1886","1887/1888",2,1
"8","Aitken, Roy","","1979/19801991/1992","1979/1980","1991/1992",57,1
"9","Aitkenhead, Walter Campbell Alli","","1911/1912","1911/1912","",1,2
"10","Albiston, Arthur Richard","","1981/19821985/1986","1981/1982","1985/1986",14,0
"11","Alexander, David","","1893/1894","1893/1894","",2,1
"12","Alexander, Graham","","2001/20022009/2010","2001/2002","2009/2010",40,0
"13","Alexander, Neil","","2005/2006","2005/2006","",3,0
"14","Allan, David Steel","","1884/18851885/1886","1884/1885","1885/1886",3,2
"15","Allan, George Horsburgh","","1896/1897","1896/1897","",1,0
"16","Allan, Henry","","1901/1902","1901/1902","",1,0
"17","Allan, James","","1886/1887","1886/1887","",2,2
"18","Allan, Thomson Sandlands","","1973/1974","1973/1974","",2,0
"19","Ancell, Robert Francis Dudge","","1936/1937","1936/1937","",2,0
"20","Anderson, Andrew","","1932/19331938/1939","1932/1933","1938/1939",23,0
"21","Anderson, Frederick","","1873/1874","1873/1874","",1,1
"22","Anderson, George","","1900/1901","1900/1901","",1,0
"23","Anderson, Harry A.","","1913/1914","1913/1914","",1,0
"24","Anderson, John","","1953/1954","1953/1954","",1,0
"25","Anderson, Kenneth","","1895/18961897/1898","1895/1896","1897/1898",3,0
"26","Anderson, Russell","","2002/20032007/2008","2002/2003","2007/2008",11,0
"27","Anderson, William","","1881/18821884/1885","1881/1882","1884/1885",6,3
"28","Andrews, Peter","","1874/1875","1874/1875","",1,1
"29","Anya, Ikechi","Midfielder","2013/20142017/2018","2013/2014","2017/2018",29,3
"30","Archer, Jordan Gideon","Goalkeeper","2017/2018","2017/2018","",1,0
"31","Archibald, Alexander","","1920/19211931/1932","1920/1921","1931/1932",8,1
"32","Archibald, Steven","","1979/19801985/1986","1979/1980","1985/1986",27,4
"33","Armstrong, Matthew","","1935/19361936/1937","1935/1936","1936/1937",3,0
"34","Armstrong, Stuart","Midfield","2016/20172020/2021","2016/2017","2020/2021",22,2
"35","Arnott, Walter","","1882/18831892/1893","1882/1883","1892/1893",14,0
"36","Auld, John Robertson","","1886/18871888/1889","1886/1887","1888/1889",3,0
"37","Auld, Robert","","1958/19591959/1960","1958/1959","1959/1960",3,0
"38","Bain, Scott","Goalkeeper","2017/20182018/2019","2017/2018","2018/2019",3,0
"39","Baird, Andrew","","1891/18921893/1894","1891/1892","1893/1894",2,0
"40","Baird, Archibald","","1945/1946","1945/1946","",1,0
"41","Baird, David","","1889/18901891/1892","1889/1890","1891/1892",3,1
"42","Baird, Hugh","","1955/1956","1955/1956","",1,0
"43","Baird, John Campbell","","1875/18761879/1880","1875/1876","1879/1880",3,2
"44","Baird, Samuel","","1956/19571957/1958","1956/1957","1957/1958",7,2
"45","Baird, William Urquhart","","1896/1897","1896/1897","",1,0
"46","Bannan, Barry","","2010/20112017/2018","2010/2011","2017/2018",27,0
"47","Bannon, Eamonn John","","1979/19801985/1986","1979/1980","1985/1986",11,1
"48","Barbour, Alexander","","1884/1885","1884/1885","",1,1
"49","Bardsley, Phillip","","2010/20112013/2014","2010/2011","2013/2014",13,0
"50","Barker, John Bell","","1892/18931893/1894","1892/1893","1893/1894",2,4
"51","Barr, Darren","","2008/2009","2008/2009","",1,0
"52","Barrett, Francis","","1893/18941894/1895","1893/1894","1894/1895",2,0
"53","Bates, David","Defender","2018/2019","2018/2019","",4,0
"54","Battles, Bernard","","1900/1901","1900/1901","",3,0
"55","Battles, Bernard Joseph","","1930/1931","1930/1931","",1,1
"56","Bauld, William Russell Loga","","1949/1950","1949/1950","",3,2
"57","Baxter, James Curran","","1960/19611967/1968","1960/1961","1967/1968",34,3
"58","Baxter, Robert Denholm","","1938/1939","1938/1939","",3,0
"59","Beattie, Andrew","","1936/19371938/1939","1936/1937","1938/1939",7,0
"60","Beattie, Craig","","2005/20062007/2008","2005/2006","2007/2008",7,1
"61","Beattie, Robert","","1938/1939","1938/1939","",1,0
"62","Begbie, Isaac","","1889/18901893/1894","1889/1890","1893/1894",4,0
"63","Bell, Alexander","","1911/1912","1911/1912","",1,0
"64","Bell, Cameron","","2010/2011","2010/2011","",1,0
"65","Bell, John","","1889/18901899/1900","1889/1890","1899/1900",10,5
"66","Bell, Mark Dickson","","1900/1901","1900/1901","",1,0
"67","Bell, William J.","","1965/1966","1965/1966","",2,0
"68","Bennett, Alexander","","1903/19041912/1913","1903/1904","1912/1913",11,2
"69","Bennie, Robert Hunter Brown","","1924/19251925/1926","1924/1925","1925/1926",3,0
"70","Bernard, Paul","","1994/1995","1994/1995","",2,0
"71","Berra, Christhope","","2007/20082017/2018","2007/2008","2017/2018",41,4
"72","Berry, Davidson","","1893/18941898/1899","1893/1894","1898/1899",3,1
"73","Berry, William Hall","","1887/18881890/1891","1887/1888","1890/1891",4,0
"74","Bett, James","","1981/19821989/1990","1981/1982","1989/1990",26,1
"75","Beveridge, William Wightman","","1878/18791879/1880","1878/1879","1879/1880",3,1
"76","Black, Andrew","","1937/19381938/1939","1937/1938","1938/1939",3,3
"77","Black, David George","","1888/1889","1888/1889","",1,1
"78","Black, Eric","","1987/1988","1987/1988","",2,0
"79","Black, Ian","Midfield","2012/2013","2012/2013","",1,0
"80","Black, Ian Henderson","","1947/1948","1947/1948","",1,0
"81","Blackburn, John Edward","","1872/1873","1872/1873","",1,0
"82","Blacklaw, Adam Smith","","1962/19631965/1966","1962/1963","1965/1966",3,0
"83","Blackley, John Henderson","","1973/19741976/1977","1973/1974","1976/1977",7,0
"84","Blair, Daniel","","1928/19291932/1933","1928/1929","1932/1933",8,0
"85","Blair, James","","1919/19201923/1924","1919/1920","1923/1924",8,0
"86","Blair, James Alfred","","1946/1947","1946/1947","",1,0
"87","Blair, John","","1933/1934","1933/1934","",1,0
"88","Blair, William","","1895/1896","1895/1896","",1,0
"89","Blessington, James","","1893/18941895/1896","1893/1894","1895/1896",4,1
"90","Blyth, James Anton","","1977/1978","1977/1978","",2,0
"91","Bone, James","","1971/19721972/1973","1971/1972","1972/1973",2,1
"92","Booth, Scott","","1992/19932001/2002","1992/1993","2001/2002",22,6
"93","Bowie, James","","1919/1920","1919/1920","",2,0
"94","Bowie, William","","1890/1891","1890/1891","",1,0
"95","Bowman, David","","1991/19921993/1994","1991/1992","1993/1994",6,0
"96","Bowman, George Alexander","","1891/1892","1891/1892","",1,0
"97","Boyd, George","Forward","2012/20132013/2014","2012/2013","2013/2014",2,0
"98","Boyd, James Murray","","1933/1934","1933/1934","",1,0
"99","Boyd, Kris","","2005/20062010/2011","2005/2006","2010/2011",18,7
"100","Boyd, Robert","","1888/18891890/1891","1888/1889","1890/1891",2,2
"101","Boyd, Thomas","","1990/19912001/2002","1990/1991","2001/2002",72,1
"102","Boyd, William Gillespie","","1930/1931","1930/1931","",2,1
"103","Bradshaw, Thomas","","1927/1928","1927/1928","",1,0
"104","Brand, Ralph Laidlaw","","1960/19611961/1962","1960/1961","1961/1962",8,8
"105","Brandon, Thomas","","1895/1896","1895/1896","",1,0
"106","Brazil, Alan Bernard","","1979/19801982/1983","1979/1980","1982/1983",13,1
"107","Breckenridge, Thomas","","1887/1888","1887/1888","",1,1
"108","Bremner, Desmond George","","1975/1976","1975/1976","",1,0
"109","Bremner, William John","","1964/19651975/1976","1964/1965","1975/1976",54,3
"110","Brennan, Frank","","1945/19461953/1954","1945/1946","1953/1954",8,0
"111","Breslin, Bernard","","1896/1897","1896/1897","",1,0
"112","Brewster, George","","1920/1921","1920/1921","",1,0
"113","Bridcutt, Liam","Midfield","2012/20132015/2016","2012/2013","2015/2016",2,0
"114","Broadfoot, Kirk","","2008/20092010/2011","2008/2009","2010/2011",4,1
"115","Brogan, James","","1970/1971","1970/1971","",4,0
"116","Brophy, Eamonn","Forward","2018/2019","2018/2019","",1,0
"117","Brown, Alexander","","1903/1904","1903/1904","",1,0
"118","Brown, Allan Duncan","","1949/19501953/1954","1949/1950","1953/1954",14,6
"119","Brown, Andrew","","1889/18901890/1891","1889/1890","1890/1891",2,0
"120","Brown, George Clark Phillip","","1930/19311937/1938","1930/1931","1937/1938",19,0
"121","Brown, Hugh","","1946/1947","1946/1947","",3,0
"122","Brown, James Grady","","1974/1975","1974/1975","",1,0
"123","Brown, John Bell","","1938/1939","1938/1939","",1,0
"124","Brown, Robert","","1883/1884","1883/1884","",2,0
"125","Brown, Robert","","1889/1890","1889/1890","",1,0
"126","Brown, Robert","","1945/19461951/1952","1945/1946","1951/1952",5,0
"127","Brown, Robert","","1884/1885","1884/1885","",1,0
"128","Brown, Scott","","2005/20062017/2018","2005/2006","2017/2018",55,4
"129","Brown, William Dallas Fyfe","","1957/19581965/1966","1957/1958","1965/1966",28,0
"130","Browning, John","","1913/1914","1913/1914","",1,0
"131","Brownlie, James","","1908/19091913/1914","1908/1909","1913/1914",16,0
"132","Brownlie, John","","1970/19711975/1976","1970/1971","1975/1976",7,0
"133","Bruce, Daniel","","1889/1890","1889/1890","",1,0
"134","Bruce, Robert","","1933/1934","1933/1934","",1,0
"135","Bryson, Craig","","2010/20112015/2016","2010/2011","2015/2016",3,0
"136","Buchan, Martin McLean","","1971/19721978/1979","1971/1972","1978/1979",34,0
"137","Buchanan, John","","1928/19291929/1930","1928/1929","1929/1930",2,0
"138","Buchanan, John","","1888/1889","1888/1889","",1,0
"139","Buchanan, Peter Symington","","1937/1938","1937/1938","",1,1
"140","Buchanan, Robert","","1890/1891","1890/1891","",1,1
"141","Buckley, Patrick McCabe","","1953/19541954/1955","1953/1954","1954/1955",3,1
"142","Buick, Albert Thoroughgood","","1901/1902","1901/1902","",2,2
"143","Burchill, Mark","","1999/2000","1999/2000","",6,0
"144","Burke, Chris","","2005/20062013/2014","2005/2006","2013/2014",7,2
"145","Burke, Oliver Jasen","Midfield","2015/20162020/2021","2015/2016","2020/2021",13,1
"146","Burley, Craig William","","1994/19952002/2003","1994/1995","2002/2003",46,3
"147","Burley, George Elder","","1978/19791981/1982","1978/1979","1981/1982",11,0
"148","Burns, Francis","","1969/1970","1969/1970","",1,0
"149","Burns, Kenneth","","1973/19741980/1981","1973/1974","1980/1981",20,1
"150","Burns, Thomas","","1980/19811987/1988","1980/1981","1987/1988",8,0
"151","Busby, Matthew","","1933/1934","1933/1934","",1,0
"152","Cadden, Christopher","Midfield","2017/2018","2017/2018","",2,0
"153","Caddis, Paul McLean","Defender","2015/2016","2015/2016","",1,0
"154","Cairney, Thomas","Midfield","2016/20172017/2018","2016/2017","2017/2018",2,0
"155","Cairns, Thomas","","1919/19201924/1925","1919/1920","1924/1925",8,1
"156","Calderhead, David","","1888/1889","1888/1889","",1,0
"157","Calderwood, Colin","","1994/19951999/2000","1994/1995","1999/2000",36,1
"158","Calderwood, Robert","","1884/1885","1884/1885","",3,3
"159","Caldow, Eric","","1956/19571962/1963","1956/1957","1962/1963",40,4
"160","Caldwell, Gary","","2001/20022012/2013","2001/2002","2012/2013",55,2
"161","Caldwell, Steven","","2000/20012010/2011","2000/2001","2010/2011",12,0
"162","Callaghan, Patrick","","1899/1900","1899/1900","",1,0
"163","Callaghan, William Thomas","","1969/1970","1969/1970","",2,0
"164","Cameron, Colin","","1998/19992004/2005","1998/1999","2004/2005",28,2
"165","Cameron, John","","1895/1896","1895/1896","",1,0
"166","Cameron, John","","1903/19041908/1909","1903/1904","1908/1909",2,0
"167","Cameron, John","","1885/1886","1885/1886","",1,0
"168","Campbell, Charles","","1873/18741885/1886","1873/1874","1885/1886",13,1
"169","Campbell, Henry","","1888/1889","1888/1889","",1,0
"170","Campbell, James","","1890/18911891/1892","1890/1891","1891/1892",2,0
"171","Campbell, James","","1945/1946","1945/1946","",1,0
"172","Campbell, James","","1912/1913","1912/1913","",1,0
"173","Campbell, John","","1898/18991900/1901","1898/1899","1900/1901",4,6
"174","Campbell, John","","1879/1880","1879/1880","",1,1
"175","Campbell, John","","1892/18931902/1903","1892/1893","1902/1903",12,4
"176","Campbell, Kenneth","","1919/19201921/1922","1919/1920","1921/1922",8,0
"177","Campbell, Peter","","1897/1898","1897/1898","",1,0
"178","Campbell, Peter","","1877/18781878/1879","1877/1878","1878/1879",2,3
"179","Campbell, Robert","","1946/19471949/1950","1946/1947","1949/1950",5,1
"180","Campbell, William Bowie","","1945/19461947/1948","1945/1946","1947/1948",5,0
"181","Canero, Peter","","2003/2004","2003/2004","",1,0
"182","Carabine, James","","1937/19381938/1939","1937/1938","1938/1939",3,0
"183","Carr, William McInanny","","1969/19701972/1973","1969/1970","1972/1973",6,0
"184","Cassidy, Joseph","","1920/19211923/1924","1920/1921","1923/1924",4,1
"185","Chalmers, Stephen","","1964/19651966/1967","1964/1965","1966/1967",5,3
"186","Chalmers, William","","1884/1885","1884/1885","",1,0
"187","Chalmers, William Stewart","","1928/1929","1928/1929","",1,0
"188","Chambers, Thomas","","1893/1894","1893/1894","",1,1
"189","Chaplin, George Duncan","","1907/1908","1907/1908","",1,0
"190","Cheyne, Alexander George","","1928/19291929/1930","1928/1929","1929/1930",5,4
"191","Christie, Alexander John","","1897/18981898/1899","1897/1898","1898/1899",3,1
"192","Christie, Robert Main","","1883/1884","1883/1884","",1,0
"193","Christie, Ryan","Midfield","2017/20182020/2021","2017/2018","2020/2021",16,4
"194","Clark, John","","1965/19661966/1967","1965/1966","1966/1967",4,0
"195","Clark, Robert Brown","","1967/19681972/1973","1967/1968","1972/1973",17,0
"196","Clarke, Stephen","","1987/19881993/1994","1987/1988","1993/1994",6,0
"197","Clarkson, David","","2007/20082008/2009","2007/2008","2008/2009",2,1
"198","Cleland, James W.","","1890/1891","1890/1891","",1,0
"199","Clements, Robert","","1890/1891","1890/1891","",1,0
"200","Clunas, William","","1923/19241925/1926","1923/1924","1925/1926",2,1
"201","Collier, William","","1921/1922","1921/1922","",1,0
"202","Collins, John Angus Paul","","1987/19881999/2000","1987/1988","1999/2000",58,12
"203","Collins, Robert Young","","1950/19511964/1965","1950/1951","1964/1965",31,10
"204","Collins, Thomas","","1908/1909","1908/1909","",1,0
"205","Colman, Donald Cameron","","1910/19111912/1913","1910/1911","1912/1913",4,0
"206","Colquhoun, Edmond Peter","","1971/19721972/1973","1971/1972","1972/1973",9,0
"207","Colquhoun, John","","1987/1988","1987/1988","",2,0
"208","Combe, James Robert","","1947/1948","1947/1948","",3,1
"209","Commons, Kristian","","2008/20092012/2013","2008/2009","2012/2013",12,2
"210","Conn, Alfred","","1955/1956","1955/1956","",1,1
"211","Conn, Alfred James","","1974/1975","1974/1975","",2,0
"212","Connachan, Edward Devlin","","1961/1962","1961/1962","",2,0
"213","Connelly, George","","1973/1974","1973/1974","",2,0
"214","Connolly, John","","1972/1973","1972/1973","",1,0
"215","Connor, James","","1929/19301934/1935","1929/1930","1934/1935",4,0
"216","Connor, James","","1885/1886","1885/1886","",1,0
"217","Connor, Robert","","1985/19861990/1991","1985/1986","1990/1991",4,0
"218","Considine, Andrew","Defender","2020/2021","2020/2021","",3,0
"219","Conway, Craig","","2009/20102013/2014","2009/2010","2013/2014",7,0
"220","Cook, William Lawrence","","1933/19341934/1935","1933/1934","1934/1935",3,0
"221","Cooke, Charles","","1965/19661974/1975","1965/1966","1974/1975",16,0
"222","Cooper, David","","1979/19801989/1990","1979/1980","1989/1990",22,6
"223","Cooper, Liam David Ian","Defender","2019/20202020/2021","2019/2020","2020/2021",5,0
"224","Cormack, Peter Barr","","1965/19661971/1972","1965/1966","1971/1972",9,0
"225","Cowan, James","","1895/18961897/1898","1895/1896","1897/1898",3,0
"226","Cowan, James Clews","","1947/19481951/1952","1947/1948","1951/1952",25,0
"227","Cowan, William Duncan","","1923/1924","1923/1924","",1,1
"228","Cowie, Don","","2009/20102011/2012","2009/2010","2011/2012",10,0
"229","Cowie, Douglas","","1952/19531957/1958","1952/1953","1957/1958",20,0
"230","Cox, Samuel Richmond","","1947/19481953/1954","1947/1948","1953/1954",25,0
"231","Craig, Allan","","1928/19291931/1932","1928/1929","1931/1932",3,0
"232","Craig, James Philip","","1967/1968","1967/1968","",1,0
"233","Craig, Joseph","","1976/1977","1976/1977","",1,1
"234","Craig, Thomas","","1926/19271929/1930","1926/1927","1929/1930",8,1
"235","Craig, Thomas Brooks","","1975/1976","1975/1976","",1,0
"236","Crainey, Stephen","","2001/20022011/2012","2001/2002","2011/2012",12,0
"237","Crapnell, James Sermagour","","1928/19291932/1933","1928/1929","1932/1933",9,0
"238","Crawford, David","","1893/18941899/1900","1893/1894","1899/1900",3,0
"239","Crawford, James","","1931/19321932/1933","1931/1932","1932/1933",5,0
"240","Crawford, Stephen","","1994/19952004/2005","1994/1995","2004/2005",25,4
"241","Crerand, Patrick Timothy","","1960/19611965/1966","1960/1961","1965/1966",16,0
"242","Cringan, William","","1919/19201922/1923","1919/1920","1922/1923",5,0
"243","Croal, James Anderson","","1912/19131913/1914","1912/1913","1913/1914",3,0
"244","Cropley, Alexander James","","1971/1972","1971/1972","",2,0
"245","Crosbie, John Anderson","","1919/19201921/1922","1919/1920","1921/1922",2,0
"246","Cross, John H.","","1902/1903","1902/1903","",1,0
"247","Cruickshank, James Fergus","","1963/19641975/1976","1963/1964","1975/1976",6,0
"248","Crum, John","","1935/19361938/1939","1935/1936","1938/1939",2,0
"249","Cullen, Michael Joseph","","1955/1956","1955/1956","",1,0
"250","Cumming, David Scott","","1937/1938","1937/1938","",1,0
"251","Cumming, John","","1954/19551959/1960","1954/1955","1959/1960",9,0
"252","Cummings, George","","1934/19351938/1939","1934/1935","1938/1939",9,0
"253","Cummings, Jason","Forward","2017/2018","2017/2018","",2,0
"254","Cummings, Warren","","2001/2002","2001/2002","",1,0
"255","Cunningham, Andrew","","1919/19201926/1927","1919/1920","1926/1927",12,5
"256","Cunningham, William Carruthers","","1953/19541954/1955","1953/1954","1954/1955",8,0
"257","Curran, Hugh Patrick","","1969/19701970/1971","1969/1970","1970/1971",5,1
"258","Dailly, Christian","","1996/19972007/2008","1996/1997","2007/2008",67,6
"259","Dalglish, Kenneth Mathieson","","1971/19721986/1987","1971/1972","1986/1987",102,30
"260","Davidson, Callum","","1998/19992009/2010","1998/1999","2009/2010",19,0
"261","Davidson, David","","1877/18781880/1881","1877/1878","1880/1881",5,1
"262","Davidson, James Anderson","","1953/19541954/1955","1953/1954","1954/1955",8,1
"263","Davidson, Murray","Midfield","2012/2013","2012/2013","",1,0
"264","Davidson, Stewart","","1920/1921","1920/1921","",1,0
"265","Dawson, Alistair Robert","","1979/19801982/1983","1979/1980","1982/1983",5,0
"266","Dawson, Jerry","","1934/19351938/1939","1934/1935","1938/1939",14,0
"267","Deakin, John","","1945/1946","1945/1946","",1,0
"268","Deans, Dixie","","1974/1975","1974/1975","",2,0
"269","Delaney, James","","1935/19361947/1948","1935/1936","1947/1948",15,6
"270","Devine, Andrew","","1909/1910","1909/1910","",1,1
"271","Devlin, Michael","Defender","2019/2020","2019/2020","",3,0
"272","Devlin, Paul","","2002/20032003/2004","2002/2003","2003/2004",10,0
"273","Dewar, George","","1887/18881888/1889","1887/1888","1888/1889",2,1
"274","Dewar, Neil Hamilton","","1931/19321932/1933","1931/1932","1932/1933",3,4
"275","Dick, John","","1958/1959","1958/1959","",1,0
"276","Dickie, Matthew","","1896/18971899/1900","1896/1897","1899/1900",3,0
"277","Dickov, Paul","","2000/20012004/2005","2000/2001","2004/2005",10,1
"278","Dickson, William","","1969/19701970/1971","1969/1970","1970/1971",5,0
"279","Dickson, William Alexander","","1887/1888","1887/1888","",1,4
"280","Divers, John","","1938/1939","1938/1939","",1,0
"281","Divers, John","","1894/1895","1894/1895","",1,1
"282","Dixon, Paul Andrew","Defender","2012/2013","2012/2013","",3,0
"283","Dobie, Scott","","2001/20022002/2003","2001/2002","2002/2003",6,1
"284","Docherty, Thomas Henderson","","1951/19521958/1959","1951/1952","1958/1959",25,1
"285","Dodds, David","","1983/1984","1983/1984","",2,1
"286","Dodds, Joseph","","1913/1914","1913/1914","",3,0
"287","Dodds, William","","1996/19972001/2002","1996/1997","2001/2002",26,7
"288","Doig, John Edward","","1886/18871902/1903","1886/1887","1902/1903",5,0
"289","Donachie, William","","1971/19721978/1979","1971/1972","1978/1979",35,0
"290","Donaldson, Alexander Pollock","","1913/19141921/1922","1913/1914","1921/1922",6,1
"291","Donnachie, Joseph","","1912/19131913/1914","1912/1913","1913/1914",3,1
"292","Donnelly, Simon","","1996/19971998/1999","1996/1997","1998/1999",10,0
"293","Dorrans, Graham","","2009/20102015/2016","2009/2010","2015/2016",12,0
"294","Dougall, James","","1938/1939","1938/1939","",1,1
"295","Dougall, Neil","","1946/1947","1946/1947","",1,0
"296","Dougan, Robert","","1949/1950","1949/1950","",1,0
"297","Douglas, Angus","","1910/1911","1910/1911","",1,0
"298","Douglas, Barry","Defender","2017/2018","2017/2018","",1,0
"299","Douglas, James","","1879/1880","1879/1880","",1,0
"300","Douglas, Robert","","2001/20022005/2006","2001/2002","2005/2006",19,0
"301","Dowds, Peter","","1891/1892","1891/1892","",1,0
"302","Downie, Robert","","1891/1892","1891/1892","",1,0
"303","Doyle, Daniel","","1891/18921897/1898","1891/1892","1897/1898",8,0
"304","Doyle, John","","1975/1976","1975/1976","",1,0
"305","Drummond, John","","1891/18921902/1903","1891/1892","1902/1903",14,0
"306","Dunbar, Michael","","1885/1886","1885/1886","",1,1
"307","Duncan, Arthur","","1974/19751975/1976","1974/1975","1975/1976",6,0
"308","Duncan, David Millar","","1947/1948","1947/1948","",3,1
"309","Duncan, Douglas","","1932/19331937/1938","1932/1933","1937/1938",14,7
"310","Duncan, James","","1877/18781881/1882","1877/1878","1881/1882",2,0
"311","Duncan, John","","1925/1926","1925/1926","",1,1
"312","Duncanson, James","","1946/1947","1946/1947","",1,0
"313","Dunlop, James","","1889/1890","1889/1890","",1,0
"314","Dunlop, William T.","","1905/1906","1905/1906","",1,0
"315","Dunn, James","","1924/19251928/1929","1924/1925","1928/1929",6,2
"316","Durie, Gordon Scott","","1987/19881997/1998","1987/1988","1997/1998",43,7
"317","Durrant, Ian","","1987/19881999/2000","1987/1988","1999/2000",20,0
"318","Dykes, James","","1937/19381938/1939","1937/1938","1938/1939",2,0
"319","Dykes, Lyndon","Forward","2020/2021","2020/2021","",7,2
"320","Easson, James Ferrier",NA,"1930/19311933/1934","1930/1931","1933/1934",3,1
"321","Elliott, Matthew",NA,"1997/19982001/2002","1997/1998","2001/2002",18,1
"322","Ellis, James",NA,"1891/1892","1891/1892","",1,1
"323","Evans, Allan",NA,"1981/1982","1981/1982","",4,0
"324","Evans, Robert",NA,"1948/19491959/1960","1948/1949","1959/1960",48,0
"325","Ewart, John",NA,"1920/1921","1920/1921","",1,0
"326","Ewing, Thomas",NA,"1957/1958","1957/1958","",2,0
"327","Farm, George Neil","","1952/19531958/1959","1952/1953","1958/1959",10,0
"328","Ferguson, Barry","","1998/19992008/2009","1998/1999","2008/2009",45,3
"329","Ferguson, Derek","","1987/1988","1987/1988","",2,0
"330","Ferguson, Duncan","","1991/19921996/1997","1991/1992","1996/1997",7,0
"331","Ferguson, Ian","","1988/19891996/1997","1988/1989","1996/1997",9,0
"332","Ferguson, John","","1873/18741877/1878","1873/1874","1877/1878",6,5
"333","Ferguson, Robert","","1965/19661966/1967","1965/1966","1966/1967",7,0
"334","Fernie, William","","1953/19541957/1958","1953/1954","1957/1958",12,1
"335","Findlay, Robert","","1897/1898","1897/1898","",1,0
"336","Findlay, Stuart John","Defender","2019/2020","2019/2020","",1,1
"337","Fitchie, Thomas Tindal","","1904/19051906/1907","1904/1905","1906/1907",4,1
"338","Flavell, Robert","","1946/1947","1946/1947","",2,2
"339","Fleck, John Alan","Midfield","2019/20202020/2021","2019/2020","2020/2021",4,0
"340","Fleck, Robert","","1989/19901990/1991","1989/1990","1990/1991",4,0
"341","Fleming, Charles","","1953/1954","1953/1954","",1,2
"342","Fleming, James William","","1928/19291929/1930","1928/1929","1929/1930",3,3
"343","Fleming, Robert","","1885/1886","1885/1886","",1,0
"344","Fletcher, Darren","","2003/20042017/2018","2003/2004","2017/2018",80,5
"345","Fletcher, Steven","","2007/20082018/2019","2007/2008","2018/2019",33,10
"346","Forbes, Alexander Rooney","","1946/19471951/1952","1946/1947","1951/1952",14,0
"347","Forbes, John","","1883/18841886/1887","1883/1884","1886/1887",5,0
"348","Ford, Donald","","1973/1974","1973/1974","",3,0
"349","Forrest, James","","1957/1958","1957/1958","",1,0
"350","Forrest, James","","2010/20112020/2021","2010/2011","2020/2021",35,5
"351","Forrest, James","","1965/19661970/1971","1965/1966","1970/1971",5,0
"352","Forsyth, Alexander","","1971/19721975/1976","1971/1972","1975/1976",10,0
"353","Forsyth, Craig","Defender","2013/20142014/2015","2013/2014","2014/2015",4,0
"354","Forsyth, Robert Campbell","","1963/19641964/1965","1963/1964","1964/1965",4,0
"355","Forsyth, Thomas","","1970/19711977/1978","1970/1971","1977/1978",22,0
"356","Foster, Richard Martyn","Defender","","","",0,0
"357","Fox, Daniel","","2009/20102012/2013","2009/2010","2012/2013",4,0
"358","Fox, Scott","Goalkeeper","","","",0,0
"359","Foyers, Robert","","1892/18931893/1894","1892/1893","1893/1894",2,0
"360","Fraser, Douglas Michael","","1967/19681968/1969","1967/1968","1968/1969",2,0
"361","Fraser, James","","1890/1891","1890/1891","",1,0
"362","Fraser, John","","1906/1907","1906/1907","",1,0
"363","Fraser, Malcolm James Eadie","","1879/18801882/1883","1879/1880","1882/1883",5,4
"364","Fraser, Ryan","Midfield","2017/20182020/2021","2017/2018","2020/2021",13,2
"365","Fraser, William A.","","1954/1955","1954/1955","",2,0
"366","Freedman, Douglas","","2001/2002","2001/2002","",2,1
"367","Fulton, William","","1883/1884","1883/1884","",1,0
"368","Fyfe, John H.","","1894/1895","1894/1895","",1,0
"369","Gabriel, James","","1960/19611963/1964","1960/1961","1963/1964",2,0
"370","Gallacher, Hugh Kilpatrick","","1923/19241934/1935","1923/1924","1934/1935",20,23
"371","Gallacher, Kevin William","","1987/19882000/2001","1987/1988","2000/2001",53,9
"372","Gallacher, Patrick","","1934/1935","1934/1935","",1,1
"373","Gallacher, Paul","","2001/20022003/2004","2001/2002","2003/2004",8,0
"374","Gallacher, Paul","","2003/2004","2003/2004","",1,0
"375","Gallagher, Declan","Defender","2019/20202020/2021","2019/2020","2020/2021",7,0
"376","Galloway, Michael","","1991/1992","1991/1992","",1,0
"377","Galt, James Hill","","1907/1908","1907/1908","",2,1
"378","Gardiner, James Ian","","1957/1958","1957/1958","",1,0
"379","Gardner, David Richmond","","1896/1897","1896/1897","",1,0
"380","Gardner, Robert W.","","1872/18731877/1878","1872/1873","1877/1878",5,0
"381","Gemmell, Thomas","","1954/1955","1954/1955","",2,1
"382","Gemmell, Thomas","","1965/19661970/1971","1965/1966","1970/1971",18,1
"383","Gemmill, Archibald","","1970/19711980/1981","1970/1971","1980/1981",43,8
"384","Gemmill, Scot","","1994/19952002/2003","1994/1995","2002/2003",26,1
"385","Gibb, William","","1872/1873","1872/1873","",1,1
"386","Gibson, David Wedderburn","","1962/19631964/1965","1962/1963","1964/1965",7,3
"387","Gibson, James Davidson","","1925/19261929/1930","1925/1926","1929/1930",8,1
"388","Gibson, Neil","","1894/18951904/1905","1894/1895","1904/1905",14,1
"389","Gilchrist, John Wotherspoon","","1921/1922","1921/1922","",1,0
"390","Gilhooley, Michael","","1921/1922","1921/1922","",1,0
"391","Gilks, Matthew","Goalkeeper","2012/20132013/2014","2012/2013","2013/2014",3,0
"392","Gillespie, Gary Thompson","","1987/19881990/1991","1987/1988","1990/1991",13,0
"393","Gillespie, George","","1879/18801890/1891","1879/1880","1890/1891",7,0
"394","Gillespie, James","","1897/1898","1897/1898","",1,3
"395","Gillespie, John","","1895/1896","1895/1896","",1,0
"396","Gillespie, Robert","","1926/19271932/1933","1926/1927","1932/1933",4,0
"397","Gillick, Torrance","","1936/19371938/1939","1936/1937","1938/1939",5,3
"398","Gilmour, John Rooney","","1930/1931","1930/1931","",1,0
"399","Gilzean, Alan John","","1963/19641970/1971","1963/1964","1970/1971",22,12
"400","Glass, Stephen","","1998/1999","1998/1999","",1,0
"401","Glavin, Ronald Michael","","1976/1977","1976/1977","",1,0
"402","Glen, Archie","","1955/1956","1955/1956","",2,0
"403","Glen, Robert","","1894/18951899/1900","1894/1895","1899/1900",3,0
"404","Goodwillie, David","","2010/20112011/2012","2010/2011","2011/2012",3,1
"405","Goram, Andrew Lewis","","1985/19861997/1998","1985/1986","1997/1998",43,0
"406","Gordon, Craig","","2003/20042020/2021","2003/2004","2020/2021",55,0
"407","Gordon, James Eadie","","1911/19121919/1920","1911/1912","1919/1920",10,0
"408","Gossland, James","","1883/1884","1883/1884","",1,2
"409","Goudie, John Wilson","","1883/1884","1883/1884","",1,1
"410","Gough, Richard","","1982/19831992/1993","1982/1983","1992/1993",61,6
"411","Gould, Jonathan","","1999/20002000/2001","1999/2000","2000/2001",2,0
"412","Gourlay, James McCrorie","","1885/18861887/1888","1885/1886","1887/1888",2,1
"413","Govan, John","","1947/19481948/1949","1947/1948","1948/1949",6,0
"414","Gow, Donald Robertson","","1887/1888","1887/1888","",1,0
"415","Gow, John James","","1884/1885","1884/1885","",1,0
"416","Gow, John Robertson","","1887/1888","1887/1888","",1,0
"417","Graham, Arthur","","1977/19781980/1981","1977/1978","1980/1981",11,2
"418","Graham, George","","1971/19721972/1973","1971/1972","1972/1973",12,3
"419","Graham, John","","1883/1884","1883/1884","",1,0
"420","Graham, John Alexander","","1920/1921","1920/1921","",1,0
"421","Grant, John","","1958/1959","1958/1959","",2,0
"422","Grant, Peter","","1988/1989","1988/1989","",2,0
"423","Gray, Andrew","","2002/2003","2002/2003","",2,0
"424","Gray, Andrew Mullen","","1975/19761984/1985","1975/1976","1984/1985",20,7
"425","Gray, Archibald Colin","","1902/1903","1902/1903","",1,0
"426","Gray, Douglas Herbert","","1928/19291932/1933","1928/1929","1932/1933",10,0
"427","Gray, Edwin","","1968/19691976/1977","1968/1969","1976/1977",12,3
"428","Gray, Francis Tierney","","1975/19761982/1983","1975/1976","1982/1983",32,1
"429","Gray, Woodville","","1885/1886","1885/1886","",1,0
"430","Green, Anthony","","1970/19711971/1972","1970/1971","1971/1972",6,0
"431","Greer, Gordon","Defender","2013/20142015/2016","2013/2014","2015/2016",11,0
"432","Greig, John","","1963/19641975/1976","1963/1964","1975/1976",44,3
"433","Griffiths, Leigh","Forward","2012/20132020/2021","2012/2013","2020/2021",22,4
"434","Groves, William","","1887/18881889/1890","1887/1888","1889/1890",3,4
"435","Gulliland, William","","1890/18911894/1895","1890/1891","1894/1895",4,0
"436","Gunn, Bryan James","","1989/19901993/1994","1989/1990","1993/1994",6,0
"437","Haddock, Harry","","1954/19551957/1958","1954/1955","1957/1958",6,0
"438","Haddow, David","","1893/1894","1893/1894","",1,0
"439","Haffey, Francis","","1959/19601960/1961","1959/1960","1960/1961",2,0
"440","Hamilton, Alexander","","1884/18851887/1888","1884/1885","1887/1888",4,0
"441","Hamilton, Alexander William","","1961/19621965/1966","1961/1962","1965/1966",24,0
"442","Hamilton, George","","1946/19471953/1954","1946/1947","1953/1954",5,4
"443","Hamilton, Gladstone","","1905/1906","1905/1906","",1,0
"444","Hamilton, Jack","Goalkeeper","","","",0,0
"445","Hamilton, James","","1891/18921892/1893","1891/1892","1892/1893",3,3
"446","Hamilton, James","","1923/1924","1923/1924","",1,0
"447","Hamilton, Robert Cumming","","1898/18991910/1911","1898/1899","1910/1911",11,15
"448","Hamilton, Thomas","","1931/1932","1931/1932","",1,0
"449","Hamilton, Thomas","","1890/1891","1890/1891","",1,0
"450","Hamilton, William Murdoch","","1964/1965","1964/1965","",1,0
"451","Hammell, Steven","","2004/2005","2004/2005","",1,0
"452","Hanley, Grant","","2010/20112017/2018","2010/2011","2017/2018",29,1
"453","Hanlon, Paul","Defender","2020/2021","2020/2021","",1,0
"454","Hannah, Andrew","","1887/1888","1887/1888","",1,0
"455","Hannah, James","","1888/1889","1888/1889","",1,0
"456","Hansen, Alan David","","1978/19791986/1987","1978/1979","1986/1987",26,0
"457","Hansen, John Angus McDonald","","1971/1972","1971/1972","",2,0
"458","Harkness, John Diamond","","1926/19271933/1934","1926/1927","1933/1934",12,0
"459","Harper, Joseph Montgomery","","1972/19731977/1978","1972/1973","1977/1978",4,2
"460","Harper, William","","1922/19231925/1926","1922/1923","1925/1926",11,0
"461","Harris, Joseph","","1920/1921","1920/1921","",2,0
"462","Harris, Neil L.","","1923/1924","1923/1924","",1,0
"463","Harrower, William","","1881/18821885/1886","1881/1882","1885/1886",3,4
"464","Hartford, Asa","","1971/19721981/1982","1971/1972","1981/1982",50,5
"465","Hartley, Paul","","2004/20052009/2010","2004/2005","2009/2010",25,1
"466","Harvey, David","","1972/19731976/1977","1972/1973","1976/1977",16,0
"467","Hastings, Alexander Cockburn","","1935/19361937/1938","1935/1936","1937/1938",2,0
"468","Haughney, Michael","","1953/1954","1953/1954","",1,0
"469","Hay, David","","1969/19701973/1974","1969/1970","1973/1974",27,0
"470","Hay, James","","1904/19051913/1914","1904/1905","1913/1914",11,0
"471","Hegarty, Paul Anthony","","1978/19791982/1983","1978/1979","1982/1983",8,0
"472","Heggie, Charles Winton","","1885/1886","1885/1886","",1,4
"473","Henderson, George Hunter","","1903/1904","1903/1904","",1,0
"474","Henderson, John Gillespie","","1952/19531958/1959","1952/1953","1958/1959",7,1
"475","Henderson, William","","1962/19631970/1971","1962/1963","1970/1971",29,5
"476","Hendry, Colin","","1992/19932000/2001","1992/1993","2000/2001",51,3
"477","Hendry, Jack","Defender","2017/20182018/2019","2017/2018","2018/2019",3,0
"478","Hepburn, John","","1890/1891","1890/1891","",1,0
"479","Hepburn, Robert","","1931/1932","1931/1932","",1,0
"480","Herd, Andrew Clark","","1934/1935","1934/1935","",1,0
"481","Herd, David George","","1958/19591960/1961","1958/1959","1960/1961",5,3
"482","Herd, George","","1957/19581960/1961","1957/1958","1960/1961",5,1
"483","Herriot, James","","1968/19691969/1970","1968/1969","1969/1970",8,0
"484","Hewie, John Davidson","","1955/19561959/1960","1955/1956","1959/1960",19,2
"485","Higgins, Alexander","","1909/19101910/1911","1909/1910","1910/1911",4,1
"486","Higgins, Alexander F.","","1884/1885","1884/1885","",1,3
"487","Highet, Thomas Cochrane","","1874/18751877/1878","1874/1875","1877/1878",4,1
"488","Hill, David","","1880/18811881/1882","1880/1881","1881/1882",3,1
"489","Hill, David Alexander","","1905/1906","1905/1906","",1,0
"490","Hill, Frank Robert","","1929/19301930/1931","1929/1930","1930/1931",3,0
"491","Hill, John","","1890/18911891/1892","1890/1891","1891/1892",2,0
"492","Hogg, George","","1895/1896","1895/1896","",2,0
"493","Hogg, James","","1921/1922","1921/1922","",1,0
"494","Hogg, Robert Brown","","1936/1937","1936/1937","",1,0
"495","Holm, Andrew Hair","","1881/18821882/1883","1881/1882","1882/1883",3,0
"496","Holt, David Duff","","1962/19631963/1964","1962/1963","1963/1964",5,0
"497","Holt, Gary","","2000/20012004/2005","2000/2001","2004/2005",10,1
"498","Holton, James Allan","","1972/19731974/1975","1972/1973","1974/1975",15,2
"499","Hope, Robert","","1967/19681968/1969","1967/1968","1968/1969",2,0
"500","Hopkin, David","","1996/19971999/2000","1996/1997","1999/2000",7,2
"501","Houliston, William","","1948/1949","1948/1949","",3,2
"502","Houston, Stewart Mackie","","1975/1976","1975/1976","",1,0
"503","Howden, William Hay","","1904/1905","1904/1905","",1,0
"504","Howe, Robert","","1928/1929","1928/1929","",2,0
"505","Howie, Hugh","","1948/1949","1948/1949","",1,1
"506","Howie, James","","1904/19051907/1908","1904/1905","1907/1908",3,2
"507","Howieson, James","","1926/1927","1926/1927","",1,0
"508","Hughes, John","","1964/19651969/1970","1964/1965","1969/1970",8,1
"509","Hughes, Richard","","2003/20042005/2006","2003/2004","2005/2006",5,0
"510","Hughes, Stephen","","2009/2010","2009/2010","",1,0
"511","Hughes, William","","1974/1975","1974/1975","",1,0
"512","Humphries, Wilson","","1951/1952","1951/1952","",1,0
"513","Hunter, Alistair Robert","","1971/19721973/1974","1971/1972","1973/1974",4,0
"514","Hunter, John","","1873/18741876/1877","1873/1874","1876/1877",4,0
"515","Hunter, John Bryson","","1908/1909","1908/1909","",1,0
"516","Hunter, Richard","","1889/1890","1889/1890","",1,0
"517","Hunter, William","","1959/19601960/1961","1959/1960","1960/1961",3,1
"518","Husband, John","","1945/19461946/1947","1945/1946","1946/1947",2,0
"519","Hutchison, Donald","","1998/19992003/2004","1998/1999","2003/2004",26,6
"520","Hutchison, Thomas","","1973/19741975/1976","1973/1974","1975/1976",17,1
"521","Hutton, Alan","","2006/20072015/2016","2006/2007","2015/2016",50,0
"522","Hutton, James","","1886/1887","1886/1887","",1,0
"523","Hutton, John","","1922/19231927/1928","1922/1923","1927/1928",10,1
"524","Hyslop, Thomas","","1895/18961896/1897","1895/1896","1896/1897",2,1
"525","Imlach, James John Stewart",NA,"1957/1958","1957/1958","",4,0
"526","Imrie, William Noble",NA,"1928/1929","1928/1929","",2,1
"527","Inglis, John",NA,"1882/1883","1882/1883","",2,0
"528","Inglis, John",NA,"1883/1884","1883/1884","",1,0
"529","Irons, James Hay",NA,"1899/1900","1899/1900","",1,0
"530","Irvine, Brian",NA,"1990/19911993/1994","1990/1991","1993/1994",9,0
"531","Iwelumo, Christopher",NA,"2008/20092010/2011","2008/2009","2010/2011",4,0
"532","Jack, Ryan","Midfield","2017/20182020/2021","2017/2018","2020/2021",10,0
"533","Jackson, Alexander Skinner","","1924/19251929/1930","1924/1925","1929/1930",17,8
"534","Jackson, Andrew","","1885/18861887/1888","1885/1886","1887/1888",2,0
"535","Jackson, Colin MacDonald","","1974/19751975/1976","1974/1975","1975/1976",8,1
"536","Jackson, Darren","","1994/19951998/1999","1994/1995","1998/1999",28,4
"537","Jackson, John","","1930/19311935/1936","1930/1931","1935/1936",8,0
"538","Jackson, Thomas Alexander","","1903/19041906/1907","1903/1904","1906/1907",6,0
"539","James, Alexander Wilson","","1925/19261932/1933","1925/1926","1932/1933",8,4
"540","Jardine, Sandy","","1970/19711979/1980","1970/1971","1979/1980",38,1
"541","Jarvie, Andrew","","1970/1971","1970/1971","",3,0
"542","Jenkinson, Thomas James","","1886/1887","1886/1887","",1,1
"543","Jess, Eoin","","1992/19931998/1999","1992/1993","1998/1999",18,2
"544","Johnston, Allan","","1998/19992002/2003","1998/1999","2002/2003",18,2
"545","Johnston, James","","1887/1888","1887/1888","",1,0
"546","Johnston, Leslie Hamilton","","1947/1948","1947/1948","",2,1
"547","Johnston, Maurice","","1983/19841991/1992","1983/1984","1991/1992",38,14
"548","Johnston, Robert","","1937/1938","1937/1938","",1,0
"549","Johnston, William","","1965/19661977/1978","1965/1966","1977/1978",22,0
"550","Johnstone, Derek","","1972/19731979/1980","1972/1973","1979/1980",14,2
"551","Johnstone, James","","1964/19651974/1975","1964/1965","1974/1975",23,4
"552","Johnstone, John","","1893/1894","1893/1894","",1,1
"553","Johnstone, John Ainslie","","1929/19301932/1933","1929/1930","1932/1933",3,0
"554","Johnstone, Robert","","1950/19511955/1956","1950/1951","1955/1956",17,10
"555","Johnstone, William","","1886/18871889/1890","1886/1887","1889/1890",3,1
"556","Jordan, Joseph","","1972/19731981/1982","1972/1973","1981/1982",52,11
"557","Kay, John Leck","","1879/18801883/1884","1879/1880","1883/1884",6,5
"558","Keillor, Alexander Lowson","","1890/18911896/1897","1890/1891","1896/1897",6,2
"559","Keir, Leitch","","1884/18851887/1888","1884/1885","1887/1888",5,1
"560","Kelly, Hugh T.","","1951/1952","1951/1952","",1,0
"561","Kelly, James","","1887/18881895/1896","1887/1888","1895/1896",8,1
"562","Kelly, John Carmichael","","1948/1949","1948/1949","",2,0
"563","Kelly, Liam","Goalkeeper","","","",0,0
"564","Kelly, Liam","Midfield","2012/2013","2012/2013","",1,0
"565","Kelso, Robert Robinson","","1884/18851897/1898","1884/1885","1897/1898",7,0
"566","Kelso, Thomas","","1913/1914","1913/1914","",1,0
"567","Kennaway, James","","1933/1934","1933/1934","",1,0
"568","Kennedy, Alexander","","1874/18751883/1884","1874/1875","1883/1884",6,0
"569","Kennedy, James","","1963/19641964/1965","1963/1964","1964/1965",6,0
"570","Kennedy, John","","1896/1897","1896/1897","",1,0
"571","Kennedy, John","","2003/2004","2003/2004","",1,0
"572","Kennedy, Samuel Watson","","1904/1905","1904/1905","",1,0
"573","Kennedy, Stewart J.","","1974/1975","1974/1975","",5,0
"574","Kennedy, Stuart Robert","","1977/19781981/1982","1977/1978","1981/1982",8,0
"575","Kenneth, Garry","","2010/2011","2010/2011","",2,0
"576","Ker, George","","1879/18801881/1882","1879/1880","1881/1882",5,10
"577","Ker, William","","1872/1873","1872/1873","",2,0
"578","Kerr, Andrew","","1954/1955","1954/1955","",2,0
"579","Kerr, Brian","","2002/20032003/2004","2002/2003","2003/2004",3,0
"580","Kerr, Peter","","1923/1924","1923/1924","",1,0
"581","Key, George Brown","","1901/1902","1901/1902","",1,0
"582","Key, William","","1906/1907","1906/1907","",1,0
"583","King, Alexander","","1895/18961898/1899","1895/1896","1898/1899",6,1
"584","King, James Munro","","1932/19331933/1934","1932/1933","1933/1934",2,1
"585","King, William S.","","1928/1929","1928/1929","",1,0
"586","Kingsley, Stephen","Defender","2015/2016","2015/2016","",1,0
"587","Kinloch, James D.","","1921/1922","1921/1922","",1,0
"588","Kinnaird, Arthur Fitzgerald","","1872/1873","1872/1873","",1,0
"589","Kinnear, David","","1937/1938","1937/1938","",1,1
"590","Kyle, Kevin","","2001/20022009/2010","2001/2002","2009/2010",10,1
"591","Lambert, Paul",NA,"1994/19952003/2004","1994/1995","2003/2004",40,1
"592","Lambie, John Alexander",NA,"1885/18861887/1888","1885/1886","1887/1888",3,1
"593","Lambie, William Allan",NA,"1891/18921896/1897","1891/1892","1896/1897",9,5
"594","Lamont, Walter",NA,"1884/1885","1884/1885","",1,1
"595","Lang, Archibald",NA,"1879/1880","1879/1880","",1,0
"596","Lang, James J.",NA,"1875/18761877/1878","1875/1876","1877/1878",2,2
"597","Latta, Alexander",NA,"1887/18881888/1889","1887/1888","1888/1889",2,2
"598","Law, Denis",NA,"1958/19591973/1974","1958/1959","1973/1974",55,30
"599","Law, George",NA,"1909/1910","1909/1910","",3,0
"600","Law, Thomas",NA,"1927/19281929/1930","1927/1928","1929/1930",2,0
"601","Lawrence, James",NA,"1910/1911","1910/1911","",1,0
"602","Lawrence, Thomas",NA,"1962/19631968/1969","1962/1963","1968/1969",3,0
"603","Lawson, Denis",NA,"1922/1923","1922/1923","",1,0
"604","Leckie, Robert",NA,"1872/1873","1872/1873","",1,0
"605","Leggat, Graham",NA,"1955/19561959/1960","1955/1956","1959/1960",18,8
"606","Leighton, James",NA,"1982/19831998/1999","1982/1983","1998/1999",91,0
"607","Lennie, William",NA,"1907/1908","1907/1908","",2,1
"608","Lennox, Robert",NA,"1966/19671969/1970","1966/1967","1969/1970",10,3
"609","Leslie, Lawrence Grant",NA,"1960/1961","1960/1961","",5,0
"610","Levein, Craig William",NA,"1989/19901994/1995","1989/1990","1994/1995",16,0
"611","Liddell, William Beveridge",NA,"1945/19461955/1956","1945/1946","1955/1956",29,8
"612","Liddle, Daniel Hamilton Sned",NA,"1930/1931","1930/1931","",3,0
"613","Lindsay, David",NA,"1902/1903","1902/1903","",1,0
"614","Lindsay, John",NA,"1887/18881892/1893","1887/1888","1892/1893",3,0
"615","Lindsay, Joseph",NA,"1879/18801885/1886","1879/1880","1885/1886",8,6
"616","Linwood, Alexander Bryce",NA,"1949/1950","1949/1950","",1,1
"617","Little, R. John",NA,"1952/1953","1952/1953","",1,0
"618","Livingstone, George Turner",NA,"1905/19061906/1907","1905/1906","1906/1907",2,0
"619","Lochhead, Alexander",NA,"1888/1889","1888/1889","",1,0
"620","Logan, James",NA,"1890/1891","1890/1891","",1,1
"621","Logan, Thomas",NA,"1912/1913","1912/1913","",1,0
"622","Logie, James Tullis",NA,"1952/1953","1952/1953","",1,0
"623","Loney, William",NA,"1909/1910","1909/1910","",2,0
"624","Long, Hugh",NA,"1946/1947","1946/1947","",1,0
"625","Longair, William",NA,"1893/1894","1893/1894","",1,0
"626","Lorimer, Peter Patrick",NA,"1969/19701975/1976","1969/1970","1975/1976",21,4
"627","Love, Andrew Robb",NA,"1930/1931","1930/1931","",3,1
"628","Low, James",NA,"1890/1891","1890/1891","",1,1
"629","Low, Thomas Pollock",NA,"1896/1897","1896/1897","",1,0
"630","Low, Wilfrid Lawson",NA,"1910/19111919/1920","1910/1911","1919/1920",5,0
"631","Lowe, Alexander",NA,"1933/1934","1933/1934","",1,0
"632","Lowe, James",NA,"1886/1887","1886/1887","",1,1
"633","Lundie, James",NA,"1885/1886","1885/1886","",1,0
"634","Lyall, John",NA,"1904/1905","1904/1905","",1,0
"635","Macari, Lou","","1971/19721977/1978","1971/1972","1977/1978",24,5
"636","Macaulay, Archibald Renwick","","1946/19471947/1948","1946/1947","1947/1948",7,0
"637","MacDonald, Alexander","","1975/1976","1975/1976","",1,0
"638","MacDonald, Jamie","Goalkeeper","","","",0,0
"639","MacDougall, Edward John","","1974/19751975/1976","1974/1975","1975/1976",7,3
"640","MacFadyen, William","","1933/1934","1933/1934","",2,2
"641","MacFarlane, Alexander","","1903/19041910/1911","1903/1904","1910/1911",5,1
"642","MacFarlane, William","","1946/1947","1946/1947","",1,0
"643","MacGillivray, Craig","Goalkeeper","","","",0,0
"644","Mackail-Smith, Craig","","2010/20112011/2012","2010/2011","2011/2012",7,1
"645","Mackay, David Craig","","1956/19571965/1966","1956/1957","1965/1966",22,4
"646","MacKay, Duncan","","1958/19591961/1962","1958/1959","1961/1962",14,0
"647","Mackay, Gary","","1987/1988","1987/1988","",4,1
"648","Mackay, Malcom","","2003/20042004/2005","2003/2004","2004/2005",5,0
"649","Mackay-Steven, Gary","Winger","2013/20142018/2019","2013/2014","2018/2019",2,0
"650","Mackenzie, John Archie","","1953/19541955/1956","1953/1954","1955/1956",9,1
"651","Mackie, Jamie","","2010/20112012/2013","2010/2011","2012/2013",9,2
"652","MacKinnon, Angus","","1873/1874","1873/1874","",1,1
"653","MacKinnon, William Muir","","1872/18731878/1879","1872/1873","1878/1879",9,5
"654","MacLeod, John Murdoch","","1960/1961","1960/1961","",4,0
"655","Macleod, Lewis","Midfield","","","",0,0
"656","MacLeod, Murdo Davidson","","1984/19851990/1991","1984/1985","1990/1991",20,1
"657","Madden, John","","1892/18931894/1895","1892/1893","1894/1895",2,5
"658","Maguire, Christopher","","2010/2011","2010/2011","",2,0
"659","Main, James","","1908/1909","1908/1909","",1,0
"660","Main, Robert Frame","","1937/1938","1937/1938","",1,0
"661","Maley, William","","1892/1893","1892/1893","",2,0
"662","Maloney, Shaun","","2005/20062015/2016","2005/2006","2015/2016",47,7
"663","Malpas, Maurice Daniel Rober","","1983/19841992/1993","1983/1984","1992/1993",55,0
"664","Marshall, David","","2004/20052020/2021","2004/2005","2020/2021",41,0
"665","Marshall, Dr.James","","1931/19321933/1934","1931/1932","1933/1934",3,0
"666","Marshall, Gordon George Banks","","1991/1992","1991/1992","",1,0
"667","Marshall, Henry James Hall","","1898/18991899/1900","1898/1899","1899/1900",2,1
"668","Marshall, John","","1920/19211923/1924","1920/1921","1923/1924",7,0
"669","Marshall, John","","1884/18851886/1887","1884/1885","1886/1887",4,1
"670","Marshall, Robert W.","","1891/18921893/1894","1891/1892","1893/1894",2,0
"671","Martin, Brian","","1994/1995","1994/1995","",2,0
"672","Martin, Christopher Hugh","Forward","2013/20142017/2018","2013/2014","2017/2018",17,3
"673","Martin, Fred","","1953/19541954/1955","1953/1954","1954/1955",6,0
"674","Martin, Neil","","1964/19651965/1966","1964/1965","1965/1966",3,0
"675","Martin, Russell","","2010/20112016/2017","2010/2011","2016/2017",29,0
"676","Martins, John","","1960/1961","1960/1961","",1,0
"677","Mason, James","","1948/19491950/1951","1948/1949","1950/1951",7,4
"678","Massie, Alexander","","1931/19321937/1938","1931/1932","1937/1938",18,1
"679","Masson, Donald Sandison","","1975/19761977/1978","1975/1976","1977/1978",17,5
"680","Mathers, David Cochrane","","1953/1954","1953/1954","",1,0
"681","Matteo, Dominic","","2000/20012001/2002","2000/2001","2001/2002",6,0
"682","Maxwell, William Sturrock","","1897/1898","1897/1898","",1,0
"683","May, John","","1905/19061908/1909","1905/1906","1908/1909",5,0
"684","May, Steven","Forward","2014/2015","2014/2015","",1,0
"685","McAdam, J.","","1879/1880","1879/1880","",1,1
"686","McAllister, Brian","","1996/1997","1996/1997","",3,0
"687","McAllister, Gary","","1989/19901998/1999","1989/1990","1998/1999",57,5
"688","McAllister, James","","2003/2004","2003/2004","",1,0
"689","McArthur, Daniel","","1894/18951898/1899","1894/1895","1898/1899",3,0
"690","McArthur, James","","2010/20112017/2018","2010/2011","2017/2018",32,4
"691","McAtee, Andrew","","1912/1913","1912/1913","",1,0
"692","McAulay, J.","","1883/1884","1883/1884","",1,0
"693","McAulay, James","","1881/18821886/1887","1881/1882","1886/1887",9,1
"694","McAuley, Robert","","1931/1932","1931/1932","",2,0
"695","McAvennie, Francis","","1985/19861987/1988","1985/1986","1987/1988",5,1
"696","McBain, Edward","","1893/1894","1893/1894","",1,0
"697","McBain, Neil","","1921/19221923/1924","1921/1922","1923/1924",3,0
"698","McBride, Joseph","","1966/1967","1966/1967","",2,0
"699","McBride, Peter","","1903/19041908/1909","1903/1904","1908/1909",6,0
"700","McBurnie, Oliver Robert","Forward","2017/20182020/2021","2017/2018","2020/2021",15,0
"701","McCall, Archibald","","1887/1888","1887/1888","",1,0
"702","McCall, James","","1885/18861889/1890","1885/1886","1889/1890",5,2
"703","McCall, Stuart","","1989/19901997/1998","1989/1990","1997/1998",40,1
"704","McCalliog, James","","1966/19671970/1971","1966/1967","1970/1971",5,1
"705","McCallum, Neil","","1887/1888","1887/1888","",1,1
"706","McCann, Neil","","1998/19992005/2006","1998/1999","2005/2006",26,3
"707","McCann, Robert Johnston","","1958/19591960/1961","1958/1959","1960/1961",5,0
"708","McCartney, William","","1901/1902","1901/1902","",1,0
"709","McClair, Brian John","","1986/19871992/1993","1986/1987","1992/1993",30,2
"710","McClory, Allan","","1926/19271934/1935","1926/1927","1934/1935",3,0
"711","McCloy, Peter","","1972/1973","1972/1973","",4,0
"712","McCloy, Philip","","1923/19241924/1925","1923/1924","1924/1925",2,0
"713","McCoist, Alistair Murdoch","","1985/19861998/1999","1985/1986","1998/1999",61,19
"714","McColl, Ian","","1949/19501957/1958","1949/1950","1957/1958",14,0
"715","McColl, Robert Smyth","","1895/18961907/1908","1895/1896","1907/1908",13,13
"716","McColl, William","","1894/1895","1894/1895","",1,0
"717","McCombie, Andrew","","1902/19031904/1905","1902/1903","1904/1905",4,0
"718","McCorkindale, John","","1890/1891","1890/1891","",1,0
"719","McCormack, Ross","","2007/20082015/2016","2007/2008","2015/2016",13,2
"720","McCormick, Robert","","1885/1886","1885/1886","",1,1
"721","McCrae, David","","1928/1929","1928/1929","",2,0
"722","McCreadie, Andrew","","1892/18931893/1894","1892/1893","1893/1894",2,0
"723","McCreadie, Edward Graham","","1964/19651968/1969","1964/1965","1968/1969",23,0
"724","McCrorie, Robby","Goalkeeper","","","",0,0
"725","McCrorie, Ross","Defender","","","",0,0
"726","McCulloch, David","","1934/19351938/1939","1934/1935","1938/1939",7,3
"727","McCulloch, Lee","","2004/20052010/2011","2004/2005","2010/2011",18,1
"728","McDonald, John","","1885/1886","1885/1886","",1,0
"729","McDonald, Joseph","","1955/1956","1955/1956","",2,0
"730","McDonald, Kevin David","Midfield","2017/20182018/2019","2017/2018","2018/2019",5,0
"731","McDougall, James","","1930/1931","1930/1931","",2,0
"732","McDougall, John","","1876/18771878/1879","1876/1877","1878/1879",5,4
"733","McDougall, John","","1925/1926","1925/1926","",1,0
"734","McEveley, James","","2007/2008","2007/2008","",3,0
"735","McFadden, James","","2001/20022010/2011","2001/2002","2010/2011",48,15
"736","McFarlane, Robert","","1895/1896","1895/1896","",1,0
"737","McGarr, Ernest","","1969/1970","1969/1970","",2,0
"738","McGarvey, Francis Peter","","1978/19791983/1984","1978/1979","1983/1984",7,0
"739","McGeoch, Alexander","","1875/18761876/1877","1875/1876","1876/1877",4,0
"740","McGeouch, Dylan","Midfield","2017/2018","2017/2018","",2,0
"741","McGhee, James","","1885/1886","1885/1886","",1,0
"742","McGhee, Mark Edward","","1982/19831983/1984","1982/1983","1983/1984",4,2
"743","McGinlay, John","","1993/19941996/1997","1993/1994","1996/1997",13,4
"744","McGinn, John","Midfield","2015/20162020/2021","2015/2016","2020/2021",29,7
"745","McGinn, Paul","Defender","","","",0,0
"746","McGonagle, William","","1932/19331934/1935","1932/1933","1934/1935",6,0
"747","McGowan, James","","1945/1946","1945/1946","",1,0
"748","McGrain, Daniel Fergus","","1972/19731981/1982","1972/1973","1981/1982",62,0
"749","McGregor, Allan","","2006/20072018/2019","2006/2007","2018/2019",43,0
"750","McGregor, Callum","Midfield","2017/20182020/2021","2017/2018","2020/2021",25,0
"751","McGregor, John C.","","1876/18771879/1880","1876/1877","1879/1880",4,1
"752","McGrory, James Edward","","1927/19281933/1934","1927/1928","1933/1934",7,6
"753","McGrory, John","","1964/19651965/1966","1964/1965","1965/1966",3,0
"754","McGuire, William","","1880/1881","1880/1881","",2,0
"755","McGurk, Francis Reynolds","","1933/1934","1933/1934","",1,0
"756","McHardy, Hugh","","1884/1885","1884/1885","",1,0
"757","McInally, Alan","","1988/19891989/1990","1988/1989","1989/1990",8,3
"758","McInally, James Edward","","1986/19871992/1993","1986/1987","1992/1993",10,0
"759","McInally, Thomas Bruce","","1925/19261926/1927","1925/1926","1926/1927",2,0
"760","McInnes, Derek","","2002/2003","2002/2003","",2,0
"761","McInnes, Thomas","","1888/1889","1888/1889","",1,1
"762","McIntosh, William","","1904/1905","1904/1905","",1,0
"763","McIntyre, Andrew","","1877/18781881/1882","1877/1878","1881/1882",2,0
"764","McIntyre, Hugh","","1879/1880","1879/1880","",1,0
"765","McIntyre, James","","1883/1884","1883/1884","",1,0
"766","McKay, Barrie","Midfield","2015/2016","2015/2016","",1,0
"767","McKay, John","","1923/1924","1923/1924","",1,0
"768","McKay, Robert","","1927/1928","1927/1928","",1,0
"769","McKean, Robert Munro","","1975/1976","1975/1976","",1,0
"770","McKenna, Scott","Defender","2017/20182020/2021","2017/2018","2020/2021",18,0
"771","McKenzie, Duncan","","1937/1938","1937/1938","",1,0
"772","McKeown, Thomas Michael","","1888/18891889/1890","1888/1889","1889/1890",2,0
"773","McKie, James","","1897/1898","1897/1898","",1,2
"774","McKillop, Thomas Boyd","","1937/1938","1937/1938","",1,0
"775","McKimmie, Stewart","","1988/19891995/1996","1988/1989","1995/1996",40,1
"776","McKinlay, Donald","","1921/1922","1921/1922","",2,0
"777","McKinlay, Thomas Valley","","1995/19961997/1998","1995/1996","1997/1998",22,0
"778","McKinlay, William","","1993/19941998/1999","1993/1994","1998/1999",29,4
"779","McKinnon, Robert","","1993/19941994/1995","1993/1994","1994/1995",3,0
"780","McKinnon, Ronald","","1965/19661970/1971","1965/1966","1970/1971",28,1
"781","McKinnon, William Neilson","","1882/18831883/1884","1882/1883","1883/1884",4,0
"782","McLaren, Alan James","","1991/19921995/1996","1991/1992","1995/1996",24,0
"783","McLaren, Alexander","","1928/19291932/1933","1928/1929","1932/1933",5,0
"784","McLaren, Andrew","","2000/2001","2000/2001","",1,0
"785","McLaren, Andrew","","1946/19471947/1948","1946/1947","1947/1948",4,4
"786","McLaren, James","","1887/18881889/1890","1887/1888","1889/1890",3,1
"787","McLaughlin, Jonathan Peter","Goalkeeper","2017/20182019/2020","2017/2018","2019/2020",2,0
"788","McLean, Adam","","1925/19261926/1927","1925/1926","1926/1927",4,1
"789","McLean, David Prophet","","1911/1912","1911/1912","",1,0
"790","McLean, Duncan","","1895/18961896/1897","1895/1896","1896/1897",2,0
"791","McLean, George Tomlinson","","1967/1968","1967/1968","",1,0
"792","McLean, Kenneth","Midfield","2015/20162020/2021","2015/2016","2020/2021",17,1
"793","McLean, Thomas","","1968/19691970/1971","1968/1969","1970/1971",6,1
"794","McLeish, Alexander","","1979/19801992/1993","1979/1980","1992/1993",77,0
"795","McLeod, Donald","","1904/19051905/1906","1904/1905","1905/1906",4,0
"796","McLeod, John","","1887/18881892/1893","1887/1888","1892/1893",5,0
"797","McLeod, William","","1885/1886","1885/1886","",1,0
"798","McLintock, Alexander","","1874/18751879/1880","1874/1875","1879/1880",3,0
"799","McLintock, Francis","","1962/19631970/1971","1962/1963","1970/1971",9,1
"800","McLuckie, James Sime","","1933/1934","1933/1934","",1,0
"801","McMahon, Alexander","","1891/18921901/1902","1891/1892","1901/1902",6,6
"802","McManus, Stephen","","2006/20072010/2011","2006/2007","2010/2011",26,2
"803","McMenemy, James","","1904/19051919/1920","1904/1905","1919/1920",12,5
"804","McMenemy, John","","1933/1934","1933/1934","",1,0
"805","McMillan, James","","1896/1897","1896/1897","",1,0
"806","McMillan, John Livingstone","","1951/19521960/1961","1951/1952","1960/1961",6,2
"807","McMillan, Thomas","","1886/1887","1886/1887","",1,0
"808","McMullan, James","","1919/19201928/1929","1919/1920","1928/1929",16,0
"809","McNab, Alexander","","1920/1921","1920/1921","",2,0
"810","McNab, Alexander","","1936/19371938/1939","1936/1937","1938/1939",2,0
"811","McNab, Colin Duncan","","1930/19311931/1932","1930/1931","1931/1932",6,0
"812","McNab, John S.","","1922/1923","1922/1923","",1,0
"813","McNair, Alexander","","1905/19061919/1920","1905/1906","1919/1920",15,0
"814","McNamara, Jackie","","1996/19972005/2006","1996/1997","2005/2006",33,0
"815","McNamee, David","","2003/20042005/2006","2003/2004","2005/2006",4,0
"816","McNaught, William","","1950/19511954/1955","1950/1951","1954/1955",5,0
"817","McNaughton, Kevin","","2001/20022007/2008","2001/2002","2007/2008",4,0
"818","McNeil, Henry","","1873/18741880/1881","1873/1874","1880/1881",10,6
"819","McNeill, Billy","","1960/19611971/1972","1960/1961","1971/1972",29,3
"820","McNiel, Moses McLay","","1875/18761879/1880","1875/1876","1879/1880",2,0
"821","McNulty, Marc","Forward","2018/2019","2018/2019","",2,0
"822","McPhail, John","","1949/19501953/1954","1949/1950","1953/1954",5,3
"823","McPhail, Robert Low","","1926/19271937/1938","1926/1927","1937/1938",17,7
"824","McPherson, David","","1988/19891992/1993","1988/1989","1992/1993",27,0
"825","McPherson, David Murray","","1891/1892","1891/1892","",1,0
"826","McPherson, John","","1874/1875","1874/1875","",1,0
"827","McPherson, John","","1890/1891","1890/1891","",1,0
"828","McPherson, John","","1887/18881896/1897","1887/1888","1896/1897",9,6
"829","McPherson, John Campbell McLeod","","1878/18791884/1885","1878/1879","1884/1885",8,0
"830","McPherson, Robert","","1881/1882","1881/1882","",1,1
"831","McQueen, Gordon","","1973/19741980/1981","1973/1974","1980/1981",30,5
"832","McQueen, Matthew","","1889/18901890/1891","1889/1890","1890/1891",2,0
"833","McRorie, Daniel","","1930/1931","1930/1931","",1,0
"834","McSpadyen, Alexander","","1938/1939","1938/1939","",2,0
"835","McStay, Paul Michael Lyons","","1983/19841996/1997","1983/1984","1996/1997",76,9
"836","McStay, William","","1920/19211927/1928","1920/1921","1927/1928",13,0
"837","McSwegan, Gary","","1999/2000","1999/2000","",2,1
"838","McTavish, John Kay","","1909/1910","1909/1910","",1,0
"839","McTominay, Scott Francis","Midfield","2017/20182020/2021","2017/2018","2020/2021",19,0
"840","McWattie, George Chappell","","1900/1901","1900/1901","",2,0
"841","McWilliam, Peter","","1904/19051910/1911","1904/1905","1910/1911",8,0
"842","Meechan, Peter","","1895/1896","1895/1896","",1,0
"843","Meiklejohn, David Ditchburn","","1921/19221933/1934","1921/1922","1933/1934",15,3
"844","Menzies, Alexander William","","1905/1906","1905/1906","",1,0
"845","Mercer, Robert","","1911/19121912/1913","1911/1912","1912/1913",2,0
"846","Middleton, Robert Collin","","1929/1930","1929/1930","",1,0
"847","Millar, James","","1962/1963","1962/1963","",2,0
"848","Millar, James","","1896/18971897/1898","1896/1897","1897/1898",3,2
"849","Miller, Archibald","","1938/1939","1938/1939","",1,0
"850","Miller, Charles","","2000/2001","2000/2001","",1,0
"851","Miller, John","","1930/19311933/1934","1930/1931","1933/1934",5,0
"852","Miller, Kenneth","","2000/20012013/2014","2000/2001","2013/2014",69,18
"853","Miller, Lee","","2005/20062009/2010","2005/2006","2009/2010",3,0
"854","Miller, Peter","","1881/18821882/1883","1881/1882","1882/1883",3,0
"855","Miller, Thomas","","1919/19201920/1921","1919/1920","1920/1921",3,2
"856","Miller, William","","1875/1876","1875/1876","",1,0
"857","Miller, William","","1946/19471947/1948","1946/1947","1947/1948",6,0
"858","Miller, William Ferguson","Defender","1974/19751989/1990","1974/1975","1989/1990",65,1
"859","Mills, William","","1935/19361936/1937","1935/1936","1936/1937",3,0
"860","Milne, John Vance","","1937/19381938/1939","1937/1938","1938/1939",2,0
"861","Mitchell, David","","1889/18901893/1894","1889/1890","1893/1894",5,0
"862","Mitchell, James","","1907/19081909/1910","1907/1908","1909/1910",3,0
"863","Mitchell, Robert Carmichael","","1950/1951","1950/1951","",2,1
"864","Mochan, Neil","","1953/1954","1953/1954","",3,0
"865","Moir, William","","1949/1950","1949/1950","",1,0
"866","Moncur, Robert","","1967/19681971/1972","1967/1968","1971/1972",16,0
"867","Morgan, Hugh","","1897/18981898/1899","1897/1898","1898/1899",2,0
"868","Morgan, Lewis","Midfield","2017/2018","2017/2018","",2,0
"869","Morgan, William","","1967/19681973/1974","1967/1968","1973/1974",21,1
"870","Morris, David","","1922/19231924/1925","1922/1923","1924/1925",6,1
"871","Morris, Henry Miller","","1949/1950","1949/1950","",1,3
"872","Morrison, James","","2007/20082017/2018","2007/2008","2017/2018",46,3
"873","Morrison, Thomas","","1926/1927","1926/1927","",1,0
"874","Morton, Alan Lauder","","1919/19201931/1932","1919/1920","1931/1932",31,5
"875","Morton, Hugh Auld","","1928/1929","1928/1929","",2,0
"876","Mudie, John Knight","","1956/19571957/1958","1956/1957","1957/1958",17,9
"877","Muir, William","","1906/1907","1906/1907","",1,0
"878","Muirhead, Thomas Allan","","1921/19221929/1930","1921/1922","1929/1930",8,0
"879","Mulgrew, Charlie","","2011/20122019/2020","2011/2012","2019/2020",44,3
"880","Mulhall, George","","1959/19601963/1964","1959/1960","1963/1964",3,1
"881","Munro, Alexander Dewar","","1936/19371937/1938","1936/1937","1937/1938",3,1
"882","Munro, Alexander Fordyce","","1978/19791979/1980","1978/1979","1979/1980",7,0
"883","Munro, Francis Michael","","1970/19711974/1975","1970/1971","1974/1975",9,0
"884","Munro, Neil","","1887/18881888/1889","1887/1888","1888/1889",2,2
"885","Murdoch, John Livingstone","","1930/1931","1930/1931","",1,0
"886","Murdoch, Robert W.","","1965/19661969/1970","1965/1966","1969/1970",12,6
"887","Murphy, Francis","","1937/1938","1937/1938","",1,1
"888","Murphy, James","Midfield","2017/2018","2017/2018","",2,0
"889","Murray, Ian","","2002/20032005/2006","2002/2003","2005/2006",6,0
"890","Murray, James","","1957/1958","1957/1958","",5,1
"891","Murray, John","","1894/1895","1894/1895","",1,0
"892","Murray, John Winning","","1889/1890","1889/1890","",1,0
"893","Murray, Patrick","","1895/18961896/1897","1895/1896","1896/1897",2,0
"894","Murray, Stephen","","1971/1972","1971/1972","",1,0
"895","Murty, Graeme","","2003/20042007/2008","2003/2004","2007/2008",4,0
"896","Mutch, George","","1937/1938","1937/1938","",1,0
"897","Naismith, Steven",NA,"2006/20072019/2020","2006/2007","2019/2020",51,10
"898","Napier, Charles Edward",NA,"1931/19321936/1937","1931/1932","1936/1937",5,3
"899","Narey, David",NA,"1976/19771988/1989","1976/1977","1988/1989",35,1
"900","Naysmith, Gary",NA,"1999/20002008/2009","1999/2000","2008/2009",46,1
"901","Neil, Robert G.",NA,"1895/18961899/1900","1895/1896","1899/1900",2,2
"902","Neill, Robert W.",NA,"1875/18761879/1880","1875/1876","1879/1880",5,0
"903","Neilson, Robbie",NA,"2006/2007","2006/2007","",1,0
"904","Nellies, Peter",NA,"1912/19131913/1914","1912/1913","1913/1914",2,0
"905","Nelson, James",NA,"1924/19251929/1930","1924/1925","1929/1930",4,0
"906","Nevin, Patrick",NA,"1985/19861995/1996","1985/1986","1995/1996",28,5
"907","Niblo, Thomas Bruce",NA,"1903/1904","1903/1904","",1,0
"908","Nibloe, Joseph",NA,"1928/19291931/1932","1928/1929","1931/1932",11,0
"909","Nicholas, Charles",NA,"1982/19831988/1989","1982/1983","1988/1989",20,5
"910","Nicholson, Barry",NA,"2000/20012004/2005","2000/2001","2004/2005",3,0
"911","Nicol, Stephen",NA,"1984/19851991/1992","1984/1985","1991/1992",27,0
"912","Nisbet, James",NA,"1928/1929","1928/1929","",3,2
"913","Niven, James B.",NA,"1884/1885","1884/1885","",1,0
"914","O'Connor, Garry","","2001/20022009/2010","2001/2002","2009/2010",16,4
"915","O'Donnell, Francis","","1936/19371937/1938","1936/1937","1937/1938",6,2
"916","O'Donnell, Philip","","1993/1994","1993/1994","",1,0
"917","O'Donnell, Stephen Gerard","Defender","2017/20182020/2021","2017/2018","2020/2021",16,0
"918","O'Hare, John","","1969/19701971/1972","1969/1970","1971/1972",13,5
"919","O'Neil, Brian","","1995/19962005/2006","1995/1996","2005/2006",7,0
"920","O'Neil, John","","2000/2001","2000/2001","",1,0
"921","O'Rourke, Francis","","1906/1907","1906/1907","",1,1
"922","Ogilvie, Duncan Henderson","","1933/1934","1933/1934","",1,0
"923","Ormond, William Esplin","","1953/19541958/1959","1953/1954","1958/1959",6,2
"924","Orr, James","","1891/1892","1891/1892","",1,0
"925","Orr, Ronald","","1901/19021903/1904","1901/1902","1903/1904",2,1
"926","Orr, Thomas Bingham","","1951/1952","1951/1952","",2,1
"927","Orr, William","","1899/19001903/1904","1899/1900","1903/1904",3,0
"928","Orrock, Robert Abbie","","1912/1913","1912/1913","",1,0
"929","Oswald, James","","1888/18891896/1897","1888/1889","1896/1897",3,1
"930","Palmer, Liam Jordan","Defender","2018/20192020/2021","2018/2019","2020/2021",7,0
"931","Parker, Alexander Hershaw","","1954/19551957/1958","1954/1955","1957/1958",15,0
"932","Parlane, Derek James","","1972/19731976/1977","1972/1973","1976/1977",12,1
"933","Parlane, Robert","","1877/18781878/1879","1877/1878","1878/1879",3,0
"934","Paterson, Callum","Defender","2015/20162020/2021","2015/2016","2020/2021",17,0
"935","Paterson, George Denholm","","1938/19391945/1946","1938/1939","1945/1946",2,0
"936","Paterson, James","","1930/1931","1930/1931","",3,0
"937","Paterson, John","","1919/1920","1919/1920","",1,0
"938","Paton, Andrew","","1945/19461951/1952","1945/1946","1951/1952",3,0
"939","Paton, Daniel John Ferguson","","1895/1896","1895/1896","",1,1
"940","Paton, Michael","","1882/18831885/1886","1882/1883","1885/1886",5,0
"941","Paton, Robert","","1878/1879","1878/1879","",2,0
"942","Patrick, John","","1896/1897","1896/1897","",2,0
"943","Paul, Harold McDonald","","1908/1909","1908/1909","",3,2
"944","Paul, William","","1887/18881889/1890","1887/1888","1889/1890",3,5
"945","Paul, William","","1890/1891","1890/1891","",1,0
"946","Pawlett, Peter Ian","Midfield","","","",0,0
"947","Pearson, Stephen","","2003/20042007/2008","2003/2004","2007/2008",10,0
"948","Pearson, Thomas Usher","","1946/1947","1946/1947","",2,0
"949","Penman, Andrew","","1965/1966","1965/1966","",1,0
"950","Pettigrew, William H.","","1975/19761976/1977","1975/1976","1976/1977",5,2
"951","Phillips, James","","1876/18771877/1878","1876/1877","1877/1878",3,0
"952","Phillips, Matthew","","2011/20122019/2020","2011/2012","2019/2020",16,1
"953","Plenderleith, John Boyd","","1960/1961","1960/1961","",1,0
"954","Porteous, Ryan","Defender","","","",0,0
"955","Porteous, William","","1902/1903","1902/1903","",1,0
"956","Pressley, Steven","","1999/20002006/2007","1999/2000","2006/2007",32,0
"957","Pringle, Charles Ross","","1920/1921","1920/1921","",1,0
"958","Provan, David","","1963/19641965/1966","1963/1964","1965/1966",5,0
"959","Provan, David Alexander","","1979/19801981/1982","1979/1980","1981/1982",10,1
"960","Pursell, Peter","","1913/1914","1913/1914","",1,0
"961","Quashie, Nigel",NA,"2003/20042006/2007","2003/2004","2006/2007",14,1
"962","Quinn, James",NA,"1904/19051911/1912","1904/1905","1911/1912",11,7
"963","Quinn, Patrick",NA,"1960/19611961/1962","1960/1961","1961/1962",4,0
"964","Rae, Gavin","","2000/20012008/2009","2000/2001","2008/2009",14,0
"965","Rae, James","","1888/18891889/1890","1888/1889","1889/1890",2,0
"966","Raeside, James Smith","","1905/1906","1905/1906","",1,0
"967","Raisbeck, Alexander Galloway","","1899/19001906/1907","1899/1900","1906/1907",8,0
"968","Rankin, Gilbert","","1889/18901890/1891","1889/1890","1890/1891",2,2
"969","Rankin, Robert","","1928/1929","1928/1929","",3,2
"970","Redpath, William Yates","","1948/19491951/1952","1948/1949","1951/1952",9,0
"971","Reid, James Greig","","1913/19141923/1924","1913/1914","1923/1924",3,0
"972","Reid, Robert","","1937/1938","1937/1938","",2,0
"973","Reid, William","","1910/19111913/1914","1910/1911","1913/1914",9,4
"974","Reilly, Lawrence","","1948/19491956/1957","1948/1949","1956/1957",38,22
"975","Rennie, Henry George","","1899/19001907/1908","1899/1900","1907/1908",13,0
"976","Renny, Henry Waugh","","1872/1873","1872/1873","",1,1
"977","Reynolds, Mark","Defender","","","",0,0
"978","Rhind, Alexander","","1872/1873","1872/1873","",1,0
"979","Rhodes, Jordan","","2011/20122016/2017","2011/2012","2016/2017",14,3
"980","Richmond, Andrew","","1905/1906","1905/1906","",1,0
"981","Richmond, James Tassie","","1876/18771881/1882","1876/1877","1881/1882",3,1
"982","Ring, Thomas","","1952/19531957/1958","1952/1953","1957/1958",12,2
"983","Rioch, Bruce David","","1974/19751977/1978","1974/1975","1977/1978",24,6
"984","Riordan, Derek","","2005/20062009/2010","2005/2006","2009/2010",3,0
"985","Ritchie, Archibald","","1890/1891","1890/1891","",1,0
"986","Ritchie, Henry McGill","","1922/19231927/1928","1922/1923","1927/1928",2,0
"987","Ritchie, John L.","","1896/1897","1896/1897","",1,1
"988","Ritchie, Matthew","Midfield","2014/20152017/2018","2014/2015","2017/2018",16,3
"989","Ritchie, Paul","","1998/19992003/2004","1998/1999","2003/2004",7,1
"990","Ritchie, William","","1961/1962","1961/1962","",1,0
"991","Robb, David Thomson","","1970/1971","1970/1971","",5,0
"992","Robb, William","","1925/19261927/1928","1925/1926","1927/1928",2,0
"993","Robertson, Andrew","Defender","2013/20142020/2021","2013/2014","2020/2021",40,3
"994","Robertson, Archibald Clark","","1954/19551957/1958","1954/1955","1957/1958",5,2
"995","Robertson, David","Defender","1991/19921993/1994","1991/1992","1993/1994",3,0
"996","Robertson, George","","1937/1938","1937/1938","",1,0
"997","Robertson, George","","1909/19101912/1913","1909/1910","1912/1913",4,0
"998","Robertson, Hugh","","1961/1962","1961/1962","",1,0
"999","Robertson, James","","1930/1931","1930/1931","",2,0
"1000","Robertson, James Gillen","","1964/1965","1964/1965","",1,0
"1001","Robertson, John Grant","","1990/19911995/1996","1990/1991","1995/1996",16,3
"1002","Robertson, John Neilson","","1977/19781983/1984","1977/1978","1983/1984",28,8
"1003","Robertson, John Tait","","1897/18981904/1905","1897/1898","1904/1905",16,3
"1004","Robertson, Peter","","1902/1903","1902/1903","",1,0
"1005","Robertson, Scott","","2008/20092010/2011","2008/2009","2010/2011",2,0
"1006","Robertson, Thomas","","1897/1898","1897/1898","",1,1
"1007","Robertson, Thomas","","1888/18891891/1892","1888/1889","1891/1892",4,0
"1008","Robertson, William","","1886/1887","1886/1887","",2,1
"1009","Robinson, Robert Sharp","","1973/19741974/1975","1973/1974","1974/1975",4,0
"1010","Robson, Barry","","2007/20082011/2012","2007/2008","2011/2012",17,0
"1011","Ross, Maurice","","2001/20022003/2004","2001/2002","2003/2004",13,0
"1012","Rough, Alan Roderick","","1975/19761985/1986","1975/1976","1985/1986",53,0
"1013","Rougvie, Douglas","","1983/1984","1983/1984","",1,0
"1014","Rowan, Archibald","","1879/18801881/1882","1879/1880","1881/1882",2,0
"1015","Russell, David Kennedy","","1894/18951900/1901","1894/1895","1900/1901",6,1
"1016","Russell, John","","1889/1890","1889/1890","",1,0
"1017","Russell, Jonathan","Forward","2014/20152019/2020","2014/2015","2019/2020",14,1
"1018","Russell, William Fraser","","1923/19241924/1925","1923/1924","1924/1925",2,0
"1019","Rutherford, Edward","","1947/1948","1947/1948","",1,0
"1020","Samson, Craig","Goalkeeper","","","",0,0
"1021","Saunders, Steven","","2010/2011","2010/2011","",1,0
"1022","Sawers, William","","1894/1895","1894/1895","",1,0
"1023","Scarff, Peter","","1930/1931","1930/1931","",1,0
"1024","Schaedler, Eric Peter","","1973/1974","1973/1974","",1,0
"1025","Scott, Alexander Silcock","","1956/19571965/1966","1956/1957","1965/1966",16,5
"1026","Scott, James","","1965/1966","1965/1966","",1,0
"1027","Scott, Jocky","","1970/1971","1970/1971","",2,0
"1028","Scott, Matthew McLintock","","1897/1898","1897/1898","",1,0
"1029","Scott, Robert","","1893/1894","1893/1894","",1,0
"1030","Scoular, James","","1950/19511952/1953","1950/1951","1952/1953",9,0
"1031","Sellar, William","","1884/18851892/1893","1884/1885","1892/1893",9,4
"1032","Semple, William","","1885/1886","1885/1886","",1,0
"1033","Severin, Scott","","2001/20022006/2007","2001/2002","2006/2007",15,0
"1034","Shankland, Lawrence","Forward","2019/20202020/2021","2019/2020","2020/2021",4,1
"1035","Shankly, William","","1937/19381938/1939","1937/1938","1938/1939",5,0
"1036","Sharp, Graeme Marshall","","1984/19851987/1988","1984/1985","1987/1988",12,1
"1037","Sharp, James","","1903/19041908/1909","1903/1904","1908/1909",5,0
"1038","Shaw, David","","1945/19461948/1949","1945/1946","1948/1949",9,0
"1039","Shaw, Francis Watson","","1883/1884","1883/1884","",2,1
"1040","Shaw, John","","1945/19461947/1948","1945/1946","1947/1948",6,0
"1041","Shearer, Duncan","","1993/19941995/1996","1993/1994","1995/1996",7,2
"1042","Shearer, Robert","","1960/1961","1960/1961","",4,0
"1043","Shinnie, Andrew Murray","Midfield","2012/2013","2012/2013","",1,0
"1044","Shinnie, Graeme","Midfield","2017/20182018/2019","2017/2018","2018/2019",6,0
"1045","Sillars, Donald Currie","","1890/18911894/1895","1890/1891","1894/1895",5,0
"1046","Simpson, James","","1894/1895","1894/1895","",3,0
"1047","Simpson, James McMillan","","1934/19351937/1938","1934/1935","1937/1938",14,1
"1048","Simpson, Neil","","1982/19831987/1988","1982/1983","1987/1988",5,0
"1049","Simpson, Ronald Campbell","","1966/19671968/1969","1966/1967","1968/1969",5,0
"1050","Sinclair, George William Lloyd","","1909/19101911/1912","1909/1910","1911/1912",3,0
"1051","Sinclair, John Evans Wright","","1965/1966","1965/1966","",1,0
"1052","Skene, Dr.Leslie Henderson","","1903/1904","1903/1904","",1,0
"1053","Sloan, Thomas Parker","","1903/1904","1903/1904","",1,0
"1054","Smellie, Robert","","1886/18871892/1893","1886/1887","1892/1893",6,0
"1055","Smith, Alexander","","1897/18981910/1911","1897/1898","1910/1911",20,3
"1056","Smith, David Bruce","","1965/19661967/1968","1965/1966","1967/1968",2,0
"1057","Smith, Gordon","","1945/19461956/1957","1945/1946","1956/1957",19,4
"1058","Smith, Henry George","","1987/19881991/1992","1987/1988","1991/1992",3,0
"1059","Smith, James","","1872/1873","1872/1873","",1,0
"1060","Smith, Jamie","","2002/2003","2002/2003","",2,0
"1061","Smith, Jimmy","","1967/19681973/1974","1967/1968","1973/1974",4,0
"1062","Smith, Jimmy","","1934/19351937/1938","1934/1935","1937/1938",2,1
"1063","Smith, John","","1876/18771883/1884","1876/1877","1883/1884",10,10
"1064","Smith, John","","1923/1924","1923/1924","",1,0
"1065","Smith, John Eric","","1958/1959","1958/1959","",2,0
"1066","Smith, Nicol","","1896/18971901/1902","1896/1897","1901/1902",12,0
"1067","Smith, Robert","","1872/1873","1872/1873","",2,0
"1068","Smith, Thomas M.","","1933/19341937/1938","1933/1934","1937/1938",2,0
"1069","Snodgrass, Robert","","2010/20112019/2020","2010/2011","2019/2020",28,7
"1070","Somers, Peter","","1904/19051908/1909","1904/1905","1908/1909",4,0
"1071","Somers, William S.","","1878/18791879/1880","1878/1879","1879/1880",3,0
"1072","Sommerville, George","","1885/1886","1885/1886","",1,1
"1073","Souness, Graeme James","","1974/19751985/1986","1974/1975","1985/1986",54,4
"1074","Souttar, John","Defender","2018/2019","2018/2019","",3,0
"1075","Speedie, David Robert","","1984/19851988/1989","1984/1985","1988/1989",10,0
"1076","Speedie, Finlay Ballantyne","","1902/1903","1902/1903","",3,2
"1077","Speirs, James Hamilton","","1907/1908","1907/1908","",1,0
"1078","Spencer, John","","1994/19951996/1997","1994/1995","1996/1997",14,0
"1079","St John, Ian","","1958/19591964/1965","1958/1959","1964/1965",21,9
"1080","Stanton, Patrick Gordon","","1965/19661973/1974","1965/1966","1973/1974",16,0
"1081","Stark, James","","1908/1909","1908/1909","",2,0
"1082","Steel, William","","1946/19471952/1953","1946/1947","1952/1953",30,12
"1083","Steele, David Morton","","1922/1923","1922/1923","",3,0
"1084","Stein, Colin","","1968/19691972/1973","1968/1969","1972/1973",21,9
"1085","Stephen, James Findlay","","1946/19471947/1948","1946/1947","1947/1948",2,0
"1086","Stevenson, George","","1927/19281934/1935","1927/1928","1934/1935",12,4
"1087","Stevenson, Lewis","Defender","2017/2018","2017/2018","",1,0
"1088","Stewart, Allan","","1887/18881888/1889","1887/1888","1888/1889",2,1
"1089","Stewart, Andrew","","1893/1894","1893/1894","",1,0
"1090","Stewart, David","","1892/18931896/1897","1892/1893","1896/1897",3,0
"1091","Stewart, David Steel","","1977/1978","1977/1978","",1,0
"1092","Stewart, Duncan","","1887/1888","1887/1888","",1,0
"1093","Stewart, George","","1905/19061906/1907","1905/1906","1906/1907",4,0
"1094","Stewart, James Garven","","1976/19771978/1979","1976/1977","1978/1979",2,0
"1095","Stewart, Michael","","2001/20022008/2009","2001/2002","2008/2009",4,0
"1096","Stewart, Raymond Strean","","1980/19811986/1987","1980/1981","1986/1987",10,1
"1097","Stewart, William Graham","","1897/18981899/1900","1897/1898","1899/1900",2,1
"1098","Stockdale, Robert","","2001/20022002/2003","2001/2002","2002/2003",5,0
"1099","Storrier, David","","1898/1899","1898/1899","",3,0
"1100","Strachan, Gordon David","","1979/19801991/1992","1979/1980","1991/1992",50,5
"1101","Sturrock, Paul Whitehead","","1980/19811986/1987","1980/1981","1986/1987",20,3
"1102","Sullivan, Neil","","1996/19972002/2003","1996/1997","2002/2003",28,0
"1103","Summers, William","","1925/1926","1925/1926","",1,0
"1104","Symon, James Scotland","","1938/1939","1938/1939","",1,0
"1105","Tait, Thomas Somerville","","1910/1911","1910/1911","",1,0
"1106","Taylor, Greg John","Defender","2018/20192020/2021","2018/2019","2020/2021",4,0
"1107","Taylor, John Daniel","","1891/18921894/1895","1891/1892","1894/1895",4,1
"1108","Taylor, Joseph","","1872/18731875/1876","1872/1873","1875/1876",6,0
"1109","Taylor, William","","1891/1892","1891/1892","",1,0
"1110","Teale, Gary","","2005/20062008/2009","2005/2006","2008/2009",13,0
"1111","Telfer, Paul","","1999/2000","1999/2000","",1,0
"1112","Telfer, William","","1932/19331933/1934","1932/1933","1933/1934",2,0
"1113","Telfer, William Douglas","","1953/1954","1953/1954","",1,0
"1114","Templeton, Robert Bryson","","1901/19021912/1913","1901/1902","1912/1913",11,1
"1115","Thompson, Steven","","2001/20022004/2005","2001/2002","2004/2005",16,3
"1116","Thomson, Alexander","","1908/1909","1908/1909","",1,1
"1117","Thomson, Alexander","","1925/19261932/1933","1925/1926","1932/1933",3,0
"1118","Thomson, Andrew","","1888/1889","1888/1889","",1,0
"1119","Thomson, Andrew","","1885/1886","1885/1886","",1,0
"1120","Thomson, Charles Bellany","","1903/19041913/1914","1903/1904","1913/1914",21,4
"1121","Thomson, Charles Morgan","","1936/1937","1936/1937","",1,0
"1122","Thomson, David","","1919/1920","1919/1920","",1,0
"1123","Thomson, James John","","1872/18731873/1874","1872/1873","1873/1874",3,0
"1124","Thomson, John","","1929/19301930/1931","1929/1930","1930/1931",4,0
"1125","Thomson, John Ross","","1932/1933","1932/1933","",1,0
"1126","Thomson, Kevin","","2008/20092010/2011","2008/2009","2010/2011",3,0
"1127","Thomson, Robert","","1926/1927","1926/1927","",1,0
"1128","Thomson, Robert Austin","","1931/1932","1931/1932","",1,1
"1129","Thomson, Samuel","","1883/1884","1883/1884","",2,0
"1130","Thomson, William","","1979/19801983/1984","1979/1980","1983/1984",7,0
"1131","Thomson, William","","1895/1896","1895/1896","",1,0
"1132","Thomson, William","","1891/18921897/1898","1891/1892","1897/1898",4,1
"1133","Thornton, William","","1945/19461951/1952","1945/1946","1951/1952",8,1
"1134","Tierney, Kieran","Defender","2015/20162020/2021","2015/2016","2020/2021",16,0
"1135","Toner, William","","1958/1959","1958/1959","",2,0
"1136","Townsley, Thomas","","1925/1926","1925/1926","",1,0
"1137","Troup, Alexander","","1919/19201925/1926","1919/1920","1925/1926",5,0
"1138","Turnbull, Edward Hunter","","1947/19481957/1958","1947/1948","1957/1958",9,0
"1139","Turner, Thomas","","1883/1884","1883/1884","",1,0
"1140","Turner, William","","1884/18851885/1886","1884/1885","1885/1886",2,1
"1141","Ure, John Francombe",NA,"1961/19621967/1968","1961/1962","1967/1968",11,0
"1142","Urquhart, Duncan",NA,"1933/1934","1933/1934","",1,0
"1143","Vallance, Thomas C.",NA,"1876/18771880/1881","1876/1877","1880/1881",7,0
"1144","Venters, Alexander",NA,"1933/19341938/1939","1933/1934","1938/1939",3,0
"1145","Waddell, Thomas Smith","","1890/18911894/1895","1890/1891","1894/1895",6,1
"1146","Waddell, William","","1945/19461954/1955","1945/1946","1954/1955",18,6
"1147","Wales, Hugh Morrison","","1932/1933","1932/1933","",1,0
"1148","Walker, Andrew","","1987/19881994/1995","1987/1988","1994/1995",3,0
"1149","Walker, Frank","","1921/1922","1921/1922","",1,0
"1150","Walker, George","","1929/19301930/1931","1929/1930","1930/1931",4,0
"1151","Walker, Jimmy","","1945/1946","1945/1946","",1,0
"1152","Walker, John","","1910/19111912/1913","1910/1911","1912/1913",9,0
"1153","Walker, John","","1894/18951903/1904","1894/1895","1903/1904",5,3
"1154","Walker, Nicol","","1992/19931995/1996","1992/1993","1995/1996",2,0
"1155","Walker, Robert","","1899/19001912/1913","1899/1900","1912/1913",29,8
"1156","Walker, Thomas","","1934/19351945/1946","1934/1935","1945/1946",21,9
"1157","Walker, William","","1908/19091909/1910","1908/1909","1909/1910",2,0
"1158","Wallace, Ian Andrew","","1977/19781978/1979","1977/1978","1978/1979",3,1
"1159","Wallace, Lee","","2009/20102016/2017","2009/2010","2016/2017",10,0
"1160","Wallace, Ross","","2009/2010","2009/2010","",1,0
"1161","Wallace, William Semple Brown","","1964/19651968/1969","1964/1965","1968/1969",7,0
"1162","Wardhaugh, James","","1954/19551956/1957","1954/1955","1956/1957",2,0
"1163","Wark, John","","1978/19791984/1985","1978/1979","1984/1985",29,7
"1164","Watson, Andrew","","1880/18811881/1882","1880/1881","1881/1882",3,0
"1165","Watson, James","","1902/19031908/1909","1902/1903","1908/1909",6,0
"1166","Watson, James","","1947/19481953/1954","1947/1948","1953/1954",2,0
"1167","Watson, James A.K.","","1877/1878","1877/1878","",1,1
"1168","Watson, Philip Ross","","1933/1934","1933/1934","",1,0
"1169","Watson, Robert","","1970/1971","1970/1971","",1,0
"1170","Watson, William","","1897/1898","1897/1898","",1,0
"1171","Watt, Anthony Paul","Forward","2015/2016","2015/2016","",1,0
"1172","Watt, Francis","","1888/18891890/1891","1888/1889","1890/1891",4,3
"1173","Watt, William Wilson","","1886/1887","1886/1887","",1,1
"1174","Waugh, William","","1937/1938","1937/1938","",1,0
"1175","Webster, Andrew","","2002/20032012/2013","2002/2003","2012/2013",28,1
"1176","Weir, Andrew Best","","1958/19591959/1960","1958/1959","1959/1960",6,1
"1177","Weir, David","","1996/19972010/2011","1996/1997","2010/2011",69,1
"1178","Weir, James Begg","","1872/18731877/1878","1872/1873","1877/1878",4,2
"1179","Weir, John","","1886/1887","1886/1887","",1,0
"1180","Weir, Peter Russell","","1979/19801983/1984","1979/1980","1983/1984",6,0
"1181","White, John","","1921/19221922/1923","1921/1922","1922/1923",2,0
"1182","White, John Anderson","","1958/19591963/1964","1958/1959","1963/1964",22,3
"1183","White, Walter","","1906/19071907/1908","1906/1907","1907/1908",2,0
"1184","Whitelaw, Andrew","","1886/18871889/1890","1886/1887","1889/1890",2,0
"1185","Whittaker, Steven","","2009/20102015/2016","2009/2010","2015/2016",31,0
"1186","Whyte, Derek","","1987/19881998/1999","1987/1988","1998/1999",12,0
"1187","Wilkie, Lee","","2001/20022003/2004","2001/2002","2003/2004",11,1
"1188","Williams, Gareth","","2001/20022002/2003","2001/2002","2002/2003",5,0
"1189","Wilson, Alexander","","1953/1954","1953/1954","",1,0
"1190","Wilson, Andrew","","1906/19071913/1914","1906/1907","1913/1914",6,2
"1191","Wilson, Andrew Nesbit","","1919/19201922/1923","1919/1920","1922/1923",12,13
"1192","Wilson, Daniel","","2010/20112011/2012","2010/2011","2011/2012",5,1
"1193","Wilson, David","","1960/19611964/1965","1960/1961","1964/1965",22,10
"1194","Wilson, David","","1912/1913","1912/1913","",1,0
"1195","Wilson, David","","1899/1900","1899/1900","",1,2
"1196","Wilson, George W.","","1903/19041908/1909","1903/1904","1908/1909",6,0
"1197","Wilson, Hugh","","1889/18901903/1904","1889/1890","1903/1904",4,1
"1198","Wilson, Ian William","","1986/19871987/1988","1986/1987","1987/1988",5,0
"1199","Wilson, James","","1887/18881890/1891","1887/1888","1890/1891",4,0
"1200","Wilson, Mark","","2010/2011","2010/2011","",1,0
"1201","Wilson, Paul","","1974/1975","1974/1975","",1,0
"1202","Wilson, Peter","","1925/19261932/1933","1925/1926","1932/1933",4,0
"1203","Wilson, Robert P.","","1971/1972","1971/1972","",2,0
"1204","Winters, Robert","","1998/1999","1998/1999","",1,0
"1205","Wiseman, William","","1926/19271929/1930","1926/1927","1929/1930",2,0
"1206","Wood, George","","1978/19791981/1982","1978/1979","1981/1982",4,0
"1207","Woodburn, William Alexander","","1946/19471951/1952","1946/1947","1951/1952",24,0
"1208","Wotherspoon, David N.","","1872/1873","1872/1873","",2,0
"1209","Wright, Keith","","1991/1992","1991/1992","",1,0
"1210","Wright, Stephen","","1992/1993","1992/1993","",2,0
"1211","Wright, Thomas","","1952/1953","1952/1953","",3,0
"1212","Wylie, Thomas G.","","1889/1890","1889/1890","",1,1
"1213","Yeats, Ronald",NA,"1964/19651965/1966","1964/1965","1965/1966",2,0
"1214","Yorston, Benjamin Collard",NA,"1930/1931","1930/1931","",1,0
"1215","Yorston, Henry",NA,"1954/1955","1954/1955","",1,0
"1216","Young, Alexander",NA,"1959/19601965/1966","1959/1960","1965/1966",8,5
"1217","Young, Alexander Simpson",NA,"1904/19051906/1907","1904/1905","1906/1907",2,0
"1218","Young, George Lewis",NA,"1946/19471956/1957","1946/1947","1956/1957",53,0
"1219","Young, James",NA,"1905/1906","1905/1906","",1,0
"1220","Younger, Thomas",NA,"1954/19551957/1958","1954/1955","1957/1958",24,0
